Smiles,label
N#CC(C=C1)=CC=C1NC2=CC(C3=CC=CC=C3)=NC4=CC=CC=C42,1
O=C(C=C(N1CCN(CC2=CC=C(C(F)(F)F)C=C2)CC1)O3)C4=C3C=C(OC)C=C4OC,0
OC(C=C(C=C1O[C@@H](C/2)C3=CC=C(C=C3)O)O)=C1C2=N\NC(OCC4=CC=C(OC)C=C4)=O,0
COc1ccc(-n2nnc(-c3ccccc3NC(=O)c3ccccc3[N+](=O)[O-])n2)cc1,1
C/C=C/C[C@@H](C)[C@@H](O)[C@H]1C(=O)N[C@@H](CC)C(=O)N(C)CC(=O)N(C)[C@@H](CC(C)C)C(=O)N[C@@H](C(C)C)C(=O)N(C)[C@@H](CC(C)C)C(=O)N[C@@H](C)C(=O)N[C@H](C)C(=O)N(C)[C@@H](CC(C)C)C(=O)N(C)[C@@H](CC(C)C)C(=O)N(C)[C@@H](C(C)C)C(=O)N1C,0
O=C(/C=C/C1=CC=CC=C1)C2=C(O)C=C(O)C=C2,0
O=C(Nc1nc(-c2ccccc2)nc2ccccc12)c1ccccc1[N+](=O)[O-],1
COc1cc2c(cc1OC)CN(CCc1ccc(NC(=O)C3Oc4ccccc4O3)cc1)CC2,0
O=C(OC1)C2=C1C=C(NC(COC3=CC=C(C(/C=C/C4=CC=C(OCC5=C(Cl)C=C(Cl)C=C5)C=C4)=O)C=C3)=O)C=C2,0
COC(C(OC)=C1)=CC=C1C2=NC3=CC=CC=C3C(NC4=CC(OC)=C(Br)C=C4)=N2,1
CC1=NC=C(N1C(C)C)C2=NC(=NC=C2)NC3=CC=C(C=C3)S(=O)(=O)C,0
C1(N=CN2)=C2C(N3CCN(C(C4=CC=CC=C4)C5=CC=CC=C5)CC3)=NC=N1,0
COC1=CC(CCN(CCC2=CC=C(NCC(C3=CC=C(OC)C=C3)C4=CC=C(OC)C=C4)C=C2)C5)=C5C=C1OC,0
O=c1c2ccccc2[nH]c2cc(C(F)(F)F)cc(O)c12,0
CSC1=CC=CC(NC2=NC(C3=CC=CC=C3)=NC4=NC=CC=C42)=C1,1
OC(C=C1)=C([N+]([O-])=O)C=C1NC2=NC(C3=CC=CC=C3)=NC4=C2C=CC=C4,1
O=[N+](C1=CC=C(N=C(C2=CC=NC=C2)N=C3NC4=CC(OC)=CC=C4)C3=C1)[O-],1
O=[N+](C(C=C1)=CC=C1NC2=NC(C3=CC=CC=C3)=NC4=NC=CC=C42)[O-],0
O=[N+](C1=CC(C2=NC(CN3CCN(C4CCCCC4)CC3)=CO2)=CC=C1)[O-],0
O=C(C=C(N1CCN(CC2=CC=C(C(OC)=O)C=C2)CC1)O3)C4=C3C=C(OC)C=C4OC,0
COC(C(OC)=C1)=CC=C1C2=NC3=CC=CC=C3C(NC4=CC([N+]([O-])=O)=CC=C4)=N2,1
N#CC1=C(CCCCC2)N2C3=C1N=CN=C3N4CCN(CCC5=CC=NC=C5)CC4,0
COc1cc(OC)c2c(c1)OC(c1ccccc1)CC2=O,0
O=C(/C=C/C1=CC=C(OC)C(OC)=C1)C2=C(NC(C3=CC=CC=C3)=O)C=C(OC)C=C2,1
S=C(N(C)C1CCCCC1)NC2=CC=CC=C2C(O)=O,0
O=C(C1=CC=C(N)C=C1)NC(C=C2)=CC=C2CCN3CC4=CC(OC)=C(OC)C=C4CC3,0
O=[N+](C1=CC=C(N=C(C2=CC=CN=C2)N=C3NC4=CC=C(OC)C=C4)C3=C1)[O-],1
c1ccc(Oc2nc(-c3ccccc3)nc3ccccc23)cc1,0
CCCc1ccc(C(=O)Nc2ccccc2-c2nnn(-c3ccccc3)n2)cc1,1
O=C1C2=CC=C3C(C=CC=C3)=C2OC(C4=CC=C(F)C(OC)=C4)=C1O,0
O=C(C1=CC=CC(NC2=NC(C3=CC=NC=C3)=NC4=CC=CC=C42)=C1)O,0
FC(C1=CC=C(C=C1)NC2=NC(C3=CC=NC=C3)=NC4=C2C=CC=C4)(F)F,1
COc1cc(O)cc2cc(O)c3c(=O)cc(C)oc3c12,0
C(N1CCC(CC1)c1nnc(Cn2ccnc2)n1C1CC1)c1ccccn1,0
OC1=CC=CC(NC2=NC(C3=CC=CC=C3)=NC4=CC=C([N+]([O-])=O)C=C42)=C1,1
CSc1ccc(-n2nnc(-c3ccccc3NC(=O)c3ccccc3[N+](=O)[O-])n2)cc1,1
COC1=CC=CC(C2=NC3=CC=CC=C3C(NC4=CC(C#N)=CC=C4)=N2)=C1,1
O=C1C2=C(O)C=C(O)C=C2O[C@H](C3=CC=C(O)C=C3)C1,0
O=C(N1CCN(Cc2ccc(cc2)C#N)CC1)c1cn(Cc2ccccc2)nc1-c1cccnc1,0
O=C(/C1=C/C2=CC=CN=C2)/C(CC1)=C/C3=CN=CC=C3,0
N#CC1=CN(C2=CC=CC=C2)C3=C1N=CN=C3N4CCN(CCC5=CC=CC=C5)CC4,0
COc1ccc(C(=O)Nc2ccccc2-c2nnn(-c3ccccc3)n2)cc1,1
CN1C[C@@H](C[C@]2([C@H]1CC3=CN(C4=CC=CC2=C34)C)OC)COC(=O)C5=CC(=CN=C5)Br,0
S=C(N(C)C1CCCCC1)NC(SC2=C3C=CC=C2)=C3C(O)=O,0
CO/C(=C\c1ccc(OCc2ccccc2)cc1)C(=O)N/C=C/c1ccc(O)cc1,0
COC1=CC=C(C=C1)NC2=NC(C3=CC=NC=C3)=NC4=C2C=CC=C4,1
COCCOCCOCCOc1cc2c(cc1OC)CN(CCc1ccc(NC(=O)c3ccc(C(=O)OC)c(NC(=O)c4ccc5ncccc5c4)c3)cc1)CC2,1
O=[N+](C1=CC=C(N=C(C2=CC=CC=C2)N=C3NC4=CC(C(F)(F)F)=CC=C4)C3=C1)[O-],1
CC(C)(C)NC(=O)[C@@H]1C[C@@H]2CCCC[C@@H]2CN1C[C@@H](O)[C@H](Cc1ccccc1)NC(=O)[C@H](CC(N)=O)NC(=O)c1ccc2ccccc2n1,0
OC(C=C1)=C([N+]([O-])=O)C=C1NC2=NC(C3=CC=CC([N+]([O-])=O)=C3)=NC4=CC=CC=C42,1
O=C(/C=C/C1=CC=CC(OC)=C1)C(C=C2)=CC=C2NC3=NC=NC4=CC(OC)=C(OC)C=C43,1
O=C(/C=C/C1=CC(OC)=C(OC)C(OC)=C1)OC[C@H](C)CN(C)CCCCCOC(C2=CC(OC)=C(OC)C(OC)=C2)=O,0
COc1cc2c(cc1OC)CN(CCc1ccc(NC(=O)c3ccc(C(=O)O)c(NC(=O)c4ccc5ncccc5c4)c3)cc1)CC2.O=C(O)C(F)(F)F,0
[H][C@]1(C/C2=N\N=C\C=C\C3=CC=CC=C3)[C@@]([H])(CC)CN(C)C([C@]1(C(OC)=O)[H])CC4=C2NC5=CC=CC=C54,0
[H][C@]1(C/C2=N\N=C\C3=CC=C(O)C(OC)=C3)[C@@]([H])(CC)CN(C)C([C@]1(C(OC)=O)[H])CC4=C2NC5=CC=CC=C54,0
O=C(Nc1ccccc1-c1nnn(-c2ccccc2)n1)c1ccccn1,1
O=C(C1=CC=CC(NC(C2=CC=C3C=CC=CC3=N2)=O)=C1)CN4CC(C=C(OCCOC)C(OC)=C5)=C5CC4,0
CCC(=O)c1ccc(-c2cn(-c3ccc(CCN4CCc5cc(OC)c(OC)cc5C4)cc3)nn2)cc1NC(=O)c1cccc(N)n1,1
COc1ccc(C(=O)Nc2ccccc2-c2nnn(-c3ccc(C(C)C)cc3)n2)cc1,1
CCCc1cc(=O)c2c(OC)c(OC)c3cc(O)cc(OC)c3c2o1,0
COC1=CC(CCN(CCC2=CC=C(OC(/C=C/C3=CC(OC)=C(OC)C(OC)=C3)=O)C=C2)C4)=C4C=C1OC,0
COC1=CC=CC(C2=NC3=CC=CC=C3C(NC4=CC=C([N+]([O-])=O)C=C4)=N2)=C1,1
CC1=CC(NC2=CC(C(F)(F)F)=C(C#N)C=C2)=NC(C3=CC=CC=C3)=N1,1
CO[C@H]1[C@@H](C[C@@H]2CN3CCC4=C([C@H]3C[C@@H]2[C@@H]1C(=O)OC)NC5=C4C=CC(=C5)OC)OC(=O)C6=CC(=C(C(=C6)OC)OC)OC,0
O=C(/C=C/C1=CC=C(OC)C(OC)=C1)C2=C(C=CC=C3)C3=CC=C2O,1
O=C(Nc1ccccc1-c1nnn(-c2ccccc2)n1)c1ccc([N+](=O)[O-])cc1,1
OC1=CC(O)=C(C(C[C@@H](C2=CC=C(O)C=C2)O3)=N)C3=C1,0
O=C(CCC)O[C@@H]1[C@@]2(C)[C@H](CCC2)[C@@H]3[C@@]([C@H](OC(CCC)=O)[C@@H](O)[C@@H](OC(C)=O)C(C)=C3)(C)C1,0
O=C(N1CCN(Cc2cccs2)CC1)c1cc(nc2ccccc12)-c1cccnc1,0
N#CC1=CC=CC(NC2=NC(C3=CC=CC([N+]([O-])=O)=C3)=NC4=CC=CC=C42)=C1,1
CC(C)c1nnsc1C(=O)Nc1cnc2c(F)c(F)ccc2c1,0
COc1cc2c(cc1OC)CN(CCc1ccc(NC(=O)c3cnc4ccccc4c3)cc1)CC2,0
COc1ccc2[nH]cc(CCNC(=O)c3cc(=O)c4c(OCCc5ccccc5)cccc4o3)c2c1,1
COC1=CC(CC2)=C(C=C1OC)CN2CC3=COC(C4=CC=CC(OC)=C4)=N3,1
[H][C@]1(C/C2=N\N=C\C=C\C3=CC=CC=C3)[C@]([H])(CC)CN(C)C([C@]1(C(OC)=O)[H])CC4=C2NC5=CC=CC=C54,0
COc1ccc(C(=O)Nc2ccc(CCN3CCc4cc(OC)c(OC)cc4C3)cc2)cc1OC,0
COC1=CC=CC(NC2=CC(C3=CC=CC=C3)=NC4=C2C=CC=C4)=C1,1
O=[N+](C1=CC=CC(NC2=NC(C3=CC=CC=C3)=NC4=C2C=CC=C4)=C1)[O-],1
O=C(OC1)C2=C1C=C(NC(COC3=CC=C(C(/C=C/C4=CC=C(OCCC)C=C4)=O)C=C3)=O)C=C2,0
O=C(C1=CC=C([N+]([O-])=O)C=C1)NC2=CC=CC=C2C3=NN(C4=CC=C(OC)C=C4)N=N3,1
O=C(C(SC1=C2C(C3=CC(OC)=C(OC)C(OC)=C3)=C(C(OCCOC)=O)C(C)=N1)=C2NC(C)=O)C4=CC=C(C=C4)OC,0
CO/C(=C\c1cc(Br)c(O)c(Br)c1)C(=O)N/C=C/c1ccc(O)cc1,0
O=C1C2=C(C(CN(C3=CC=CC=C3)CCO)=C(C(CN(C4=CC=CC=C4)CCO)=C2O[C@@H](C1)C5=CC=C(C=C5)O)O)O,0
O=C(C=C(N1CCN(CC2=CC=C(S(C(F)(F)F)(=O)=O)C=C2)CC1)O3)C4=C3C=C(OC)C=C4OC,0
COC(=O)C1=C(C)NC(C)=C(C(=O)OCCN(C)Cc2ccccc2)C1c1cccc([N+](=O)[O-])c1,0
C1=CC(=C(C=C1F)F)C(CN2C=NC=N2)(CN3C=NC=N3)O,0
COC1=CC(C2)=C(C=C1OC)CCN2CCOC3=NC4=CC=CC=C4C=C3,0
FC1=CC=CC(NC2=NC(C3=CC=CC=C3)=NC4=CC=C([N+]([O-])=O)C=C42)=C1,1
C1(C2=NC(CN3CCN(C4CCCCC4)CC3)=CS2)=CC=CC=C1,0
COc1cc(OC)c(/C=C/C(=O)c2cn(C)c3ccccc23)c(OC)c1,1
COc1c(Cl)cccc1-c1noc(-c2cnc3sccc3c2)n1,0
N#CC1=CN(CC)C2=C1N=CN=C2N3CCN(CCC4=CNC5=C4C=CC=C5)CC3,0
COc1cc2c(cc1OC)CN(CCc1ccc(NC(=O)c3cccnc3)cc1)CC2,0
O=C(C=C(N1CCN(CCC2=CC=C([N+]([O-])=O)C=C2)CC1)O3)C4=C3C=C(OC)C=C4OC,0
O=C1C=C(OC2=C1C(OC)=CC(OC)=C2)NCCCN3CCOCC3,0
O=C(/C=C/C1=CC=C(OC)C=C1)C2=CC=CC(NC3=NC(C4=CC=C(OC)C(OC)=C4)=NC5=CC=CC=C53)=C2,1
O=C1C2=C(C(CNC(C)C)=C(C=C2O[C@@H](C1)C3=CC=C(C=C3)O)O)O,0
O=C(C1=CC=C([N+]([O-])=O)C=C1)NC2=CC=CC=C2C3=NN(C4=CC=CC=C4OC)N=N3,1
CCCc1ccc(C(=O)Nc2ccccc2-c2nnn(-c3cccc(OC)c3)n2)cc1,1
OC1=CC(O)=C2/C(C[C@H](OC2=C1)C3=CC=C(O)C=C3)=N/N=C/C4=CC=C(N(C)C)C=C4,0
COC1=CC=C(OC)C=C1C2=NC(CN3CCN(C4CCCCC4)CC3)=CO2,0
O=C(/C=C/C1=CC=C(OC)C(OC)=C1)C2=C(NC(C3=C(C=CC=C4)C4=CC=C3)=O)C=CC=C2,1
Cc1ccc(-c2cn(CCN3CCOCC3)nn2)c(NC(=O)c2cc(=O)c3ccccc3o2)c1,1
COC1=CC(CC2)=C(C=C1OC)CN2CC3=COC(C4=CC=CC=C4OC)=N3,0
COCCOCCOCCOc1cc2c(cc1OC)CN(CCc1ccc(NC(=O)c3ccc(C(=O)O)c(NC(=O)c4ccc5ccccc5n4)c3)cc1)CC2.O=C(O)C(F)(F)F,0
O=C(Nc1ccccc1-c1nnn(-c2ccccc2)n1)c1cccs1,1
COc1ccc(C(=O)N2CCc3c([nH]c4ccccc34)C2c2ccc(Cl)c(Cl)c2)cc1OC,1
C[C@H]1/C=C/C=C/C=C/C=C/C=C/C=C/C=C/[C@@H](C[C@H]2[C@@H]([C@H](C[C@](O2)(C[C@H](C[C@H]([C@@H](CC[C@H](C[C@H](CC(=O)O[C@H]([C@@H]([C@@H]1O)C)C)O)O)O)O)O)O)O)C(=O)O)O[C@H]3[C@H]([C@H]([C@@H]([C@H](O3)C)O)N)O,0
N#CC1=CN(C)C2=C1N=CN=C2N3CCN(CCC4=CNC5=C4C=CC=C5)CC3,0
Nc1ccc(C(=O)Nc2ccc(CCN3CCc4ccccc4C3)cc2)cc1,0
COC1=CC=C(C=C1OC)NC2=NC(C3=CN=CC=C3)=NC4=C2C=CC=C4,1
O=C(/C=C/C1=CC=C(OC)C(OC)=C1)C2=C(OC(C3=CC=CC=C3)=O)C=C(OC)C=C2,1
O=C(Nc1nc(-c2ccccc2)nc2ccccc12)c1ccc([N+](=O)[O-])cc1,1
N#CC1=CC=CC(NC2=NC(C3=CC=C([N+]([O-])=O)C=C3)=NC4=CC=CC=C42)=C1,1
O=C(OC1)C2=C1C=C(NC(COC3=CC=C(C(/C=C/C4=CC=C(OCC5=CC=CC=C5)C=C4)=O)C=C3)=O)C=C2,0
O=C1CC(c2ccccc2)Cc2c1c1c(n2CCc2ccccc2)-c2ccccc2C1=O,1
O=C(C1=CC=C(C(F)(F)F)C=C1)NC2=CC=CC=C2C3=NN(C4=CC=C(C(F)(F)F)C=C4)N=N3,0
O=C(/C(C1N(C/2CC1)C)=C/C3=CN=CC=C3)C2=C\C4=CC=CN=C4,0
O=C(C1CCN(CC1)C(=O)c1ccc(cc1)-n1cccn1)c1ccc2OCCOc2c1,0
N#CC1=CN(CCC2=CC=CC=C2)C3=C1N=CN=C3NCCCC4=CC=CC=C4,0
CCOC(C=C1)=C(OCC)C=C1NC2=NC(C3=CC=CC([N+]([O-])=O)=C3)=NC4=CC=CC=C42,1
COC(C=C1)=C(OC)C=C1NC2=NC(C3=CC=CN3)=NC4=CC=CC=C42,1
NC1=CC=C(N=C(C2=CC=CC(C(F)(F)F)=C2)N=C3NC4=CC=CC=C4)C3=C1,1
C[C@@H]1CC[C@H]2[C@H](C(=O)O[C@H]3[C@@]24[C@H]1CC[C@](O3)(OO4)C)C,0
COc1ccc(CCNC(=O)c2cccc3c(=O)c4ccccc4[nH]c23)cc1OC,1
C[C@@]1(C(Br)COC(C)=O)C[C@@]2([H])[C@H](OC(C)=O)C[C@]3([H])[C@]4(CO)[C@@H](C4)[C@H](OC(C)=O)C[C@@]3(C)C2=CC1,0
FC(C=C1)=C(F)C=C1NC2=NC(C3=CC=CC(OC)=C3)=NC4=NC=CC=C42,1
O=C(NC1=CC=C(Cl)C=C1)CSC(S2)=NC(C2=C3)=CC=C3NC4=NC(N5CCOCC5)=NC(N6CCOCC6)=N4,1
O=S(C(C=C1)=CC=C1NC2=NC(C3=CC=CC=C3)=NC4=CC=CC=C42)(F)=O,1
O=C(OC)C1=CC=C(C2=CN(C3=CC=C(CCN4CC(C=C(OCCOCCOCCOC)C(OC)=C5)=C5CC4)C=C3)N=N2)C=C1NC(C6=NC(C=CC=C7)=C7C=C6)=O,1
CO/C(=C\c1ccc(O)cc1)C(=O)NCC(O)c1ccc(O)cc1,0
O=C(Nc1nc(-c2ccccc2)nc2ccccc12)c1ccccc1,1
O=C(NC1=CC=C(CCN2CC3=CC(OC)=C(C=C3CC2)OC)C=C1)C4=C([N+]([O-])=O)C=CC=C4,0
COC1=CC=C(C=C1)CCN2CCC(CC2)NC3=NC4=CC=CC=C4N3CC5=CC=C(C=C5)F,0
COC1=CC(CCN(CCC2=CC=C(NC(C(C3=CC=C(OC)C=C3)C4=CC=C(OC)C=C4)=O)C=C2)C5)=C5C=C1OC,0
O=C(CC(CCC1=CC=C(O)C(OC)=C1)=O)CCC2=CC(OC)=C(O)C=C2,0
O=C(/C(C1N(C/2CC1)C)=C/C3=CC(OC)=C(C(OC)=C3)OC)C2=C\C4=CC(OC)=C(C(OC)=C4)OC,0
N#CC1=CN(C2=CC=CC=C2)C3=C1N=CN=C3N4CCN(CC5=CC=C(OCO6)C6=C5)CC4,0
COC1=C(Br)C=CC(NC2=NC(C3=CC=CC([N+]([O-])=O)=C3)=NC4=CC=CC=C42)=C1,1
C1(N=CN2)=C2C(N3CCN(CC4=CC=CC=C4)CC3)=NC=N1,0
[H][C@]1(C/C2=N\N=C\C3=CNC4=C3C=CC=C4)[C@]([H])(CC)CN(C)C([C@]1(C(OC)=O)[H])CC5=C2NC6=CC=CC=C65,0
N#CC1=CN(CC2=CC=CC=C2)C3=C1N=CN=C3N4CCN(CC5=CC=CC=C5)CC4,0
CC1=C(C(OCCCC2=CC=CC=N2)=O)C(C3=C(Cl)C(Cl)=CC=C3)C4=C(CCCC4=O)N1,0
COCCOCCOCCOc1cc2c(cc1OC)CCN(CCc1ccc(NC(=O)c3ccc(C(=O)O)c(NC(=O)c4ccc5ncccc5c4)c3)cc1)C2.O=C(O)C(F)(F)F,0
[H][C@]1(C/C2=N\N=C\C3=CC=C(O)C(OC)=C3)[C@]([H])(CC)CN(C)C([C@]1(C(OC)=O)[H])CC4=C2NC5=CC=CC=C54,0
CCC(=O)c1ccc(-c2cn(CCN3CCCC3)nn2)cc1NC(=O)c1cc(=O)c2ccccc2o1,1
CN(C)C1=CC=CC(NC2=NC(C3=CC=CC([N+]([O-])=O)=C3)=NC4=CC=CC=C42)=C1,1
CC1=CC(NC2=CC(Br)=C(C#N)C=C2)=NC(C3=CC=CC=C3)=N1,1
COc1cc(NC(=O)c2cnc3ccccc3c2)cc(C(=O)Nc2ccc(CCN3CCc4cc(OC)c(OC)cc4C3)cc2)c1,1
O=C(/C=C/C1=CC=C(OC)C(OC)=C1)C2=C(O)C=C(O)C=C2,1
[H][C@]1(C/C2=N\N=C\C3=CC=C([N+]([O-])=O)C=C3)[C@@]([H])(CC)CN(C)C([C@]1(C(OC)=O)[H])CC4=C2NC5=CC=CC=C54,0
CCC1=C(C2=CC=CC=C2O1)C(=O)C3=CC(=C(C(=C3)Br)O)Br,0
S=C(N(CC)CC)NC(SC1=C2CCCCC1)=C2C(O)=O,0
CCC1=C2N=C(C=C(N2N=C1)NCC3=C[N+](=CC=C3)[O-])N4CCCC[C@H]4CCO,0
S=C(N(CC)CC)NC(C=CS1)=C1C(O)=O,0
OC(C=C(C=C1O[C@@H](C/2)C3=CC=C(C=C3)O)O)=C1C2=N\NC(CC4=CNC5=C4C=CC=C5)=O,0
[H][C@]1(C/C2=N\N=C\C3=CC=CC(Cl)=C3)[C@@]([H])(CC)CN(C)C([C@]1(C(OC)=O)[H])CC4=C2NC5=CC=CC=C54,0
[H][C@]1(C/C2=N\N=C\C3=CC=CC(Br)=C3)[C@]([H])(CC)CN(C)C([C@]1(C(OC)=O)[H])CC4=C2NC5=CC=CC=C54,0
O=[N+](C1=CC=C(N=C(C2=CC=CC=C2)N=C3NC4=CC(C#N)=CC=C4)C3=C1)[O-],1
COc1cc(OC)c2c(c1)O[C@H](c1cc(OC)c(OC)c(OC)c1)[C@H](OC(=O)c1ccc(F)c(NC(=O)c3ccc(OC)c(OC)c3)c1)C2,1
COC(=O)c1ccc(C(=O)Nc2ccc(CCN3CCc4cc(OC)c(OC)cc4C3)cc2)cc1NC(=O)c1cnccn1,1
O=C(/C=C/C1=CC=C(OC)C(OC)=C1)C2=C(NC(C3=CC=CC=C3)=O)C=C(OC)C(OC)=C2,1
C1=CC=C(C=C1)C(C2=CC=CC=C2)(C3=CC=CC=C3Cl)N4C=CN=C4,0
CO/C(=C\c1ccc(O)c(O)c1)C(=O)N/C=C/c1ccc(O)cc1,0
O=[N+](C1=CC(NC2=NC(C3=CC=NC=C3)=NC4=C2C=CC=C4)=CC=C1)[O-],1
O=[N+](C1=CC=C(N=C(C2=CC=CN=C2)N=C3NC4=CC(OC)=CC=C4)C3=C1)[O-],1
O=C(/C=C/C1=CC=C(OC)C=C1)C2=C(O)C=C(O)C=C2,0
COc1ccc2c3c([nH]c2c1)[C@H](CC(C)C)N1C(=O)[C@H](C)NC(=O)[C@H]1C3,1
CC[C@H](C1=CC=C(C=C1)O)[C@@H](CC)C2=CC=C(C=C2)O,0
O=C(C1=CC=C([N+]([O-])=O)C=C1)NC2=CC=CC=C2C3=NN(C4=CC=C(C)C=C4)N=N3,1
[H][C@]1(C/C2=N\N=C\C3=C([N+]([O-])=O)C=CC=C3)[C@]([H])(CC)CN(C)C([C@]1(C(OC)=O)[H])CC4=C2NC5=CC=CC=C54,0
CC1=CC(NC2=CC([N+]([O-])=O)=C(O)C=C2)=NC(C3=CC=CC=C3)=N1,1
O=[N+](C1=CC=C(N=C(C2=CC=CC(C(F)(F)F)=C2)N=C3NC4=CC(NC(C)=O)=CC=C4)C3=C1)[O-],1
CCC(=O)c1ccc(-c2cn(-c3ccc(CCN4CCc5cc(OC)c(OC)cc5C4)cc3)nn2)cc1NC(=O)c1ccc2ccccc2c1,1
O=C(N(CC)CC)NC(SC1=C2CCC1)=C2C(O)=O,0
O=C(/C1=C/C2=CC(OC)=CC=C2OC)/C(CN(C(OC(C)(C)C)=O)C1)=C/C3=C(OC)C=CC(OC)=C3,0
COC1=CC2=C(C3=C(OCO4)C4=C(OC)C=C3CN(CCC5=CC(OCO6)=C6C=C5)C2)C7=C1OCO7,1
CC1=NC2=C(C(N)=C(C(C3=CC=C(OC)C=C3)=O)S2)C(C4=CC=C(OC)C=C4)=C1C(OC)=O,1
O=C(/C(C1N(C/2CC1)C)=C/C3=CC=NC=C3)C2=C\C4=CC=NC=C4,0
Cc1c(O)cccc1C(=O)N[C@@H](CSc1ccccc1)[C@H](O)CN1C[C@H]2CCCC[C@H]2C[C@H]1C(=O)NC(C)(C)C,0
CC(NC1=CC=CC(NC2=NC(C3=CC=CC=C3)=NC4=C2C=CC=C4)=C1)=O,1
COc1cc(OC)c2c(c1)O[C@H](c1cc(OC)c(OC)c(OC)c1)[C@H](OC(=O)c1ccc(F)c(NC(=O)c3cc(OC)c(OC)c(OC)c3)c1)C2,1
COC1=CC=CC(/C=C/C2=CC=C(OC)C=C2)=C1OC,0
COC(C=C1)=CC=C1C2=NC3=CC=CC=C3C(NC4=CC([N+]([O-])=O)=CC=C4)=N2,1
CC1=C(C=C(C=C1)C(=O)NC2=CC(=CC(=C2)N3C=C(N=C3)C)C(F)(F)F)NC4=NC=CC(=N4)C5=CN=CC=C5,1
O=C1CCCc2c1c1c(n2CCc2ccccc2)-c2ccccc2C1=O,1
O=[N+](C(C=C1)=CC=C1C2=NC3=CC=CC=C3C(NC4=CC([N+]([O-])=O)=CC=C4)=N2)[O-],1
COc1ccc2[nH]cc(CCNC(=O)c3cc(=O)c4c(OCc5ccc(C)cc5)cccc4o3)c2c1,1
FC1=CC=CC(NC2=NC(C3=CC=CC=C3)=NC4=NC=CC=C42)=C1,1
COc1cc(O)c2c(=O)c3ccccc3[nH]c2c1,0
COc1ccc(C(=O)Nc2ccccc2-c2nnn(-c3ccc(Cl)cc3)n2)cc1,1
CC1=CC(NC2=CC=C(C#N)C=C2)=NC(C3=CC=CC=C3)=N1,1
COc1cc2c(cc1OC)CN(CCc1ccc(NC(=O)c3cc(NC(=O)c4cnc5ccccc5c4)c(OC)c(OC)c3)cc1)CC2,1
CCCc1ccc(NC(=O)c2ccccc2NC(=O)c2ccc([N+](=O)[O-])cc2)cc1,1
O=C(C1=CC=C(OC)C=C1)NC2=CC=CC=C2C3=NN(C4=CC=CC=C4OC)N=N3,1
CN(CCc1c[nH]c2ccccc12)Cc1cc(=O)c2c(OCc3ccc(Br)cc3)cccc2o1.Cl,0
COC1=CC(CCN(CCC2=CC=C(NC(C3=CC(OC)=C(OC)C(OC)=C3)=O)C=C2)C4)=C4C=C1OC,0
CC1=CC(=C(C=C1C2CCNCC2)OC(C)C)NC3=NC=C(C(=N3)NC4=CC=CC=C4S(=O)(=O)C(C)C)Cl,1
COC(C(OC)=C1)=CC=C1C2=NC3=CC=CC=C3C(NC4=CC(F)=CC=C4)=N2,1
C[C@@]1(C(Br)COC(C)=O)C[C@@]2([H])[C@H](OC(C)=O)C[C@]3([H])[C@]4(COC(C)=O)[C@@H](C4)[C@H](OC(C)=O)C[C@@]3(C)C2=CC1,0
OC1=CC(O)=C2/C(C[C@H](OC2=C1)C3=CC=C(O)C=C3)=N/N=C/C4=CC=CN4,0
N#CC1=CC=CC(NC2=NC(C3=CC=CS3)=NC4=CC=CC=C42)=C1,1
COC1=CC(C2=NC3=CC=CC=C3C(NC4=CC=C(O)C=C4)=N2)=CC=C1OC,1
CC#C[C@@]1(CC[C@@H]2[C@@]1(C[C@@H](C3=C4CCC(=O)C=C4CC[C@@H]23)C5=CC=C(C=C5)N(C)C)C)O,0
FC1=CC=CC(NC2=NC(C3=CC=CC(OC)=C3)=NC4=NC=CC=C42)=C1,1
Cc1cn([C@H]2C[C@H](N=[N+]=[N-])[C@@H](COC(=O)CCCCCCCCC(=O)OC[C@H]3O[C@@H](n4cc(C)c(=O)[nH]c4=O)C[C@@H]3N=[N+]=[N-])O2)c(=O)[nH]c1=O,0
COC1=CC(OC)=CC(/C=C/C2=CC=C(OC)C(OC)=C2)=C1,1
O=C1C2=CC=CC=C2OC(OCC(NC3=C(C=CC=C4)C4=CC=C3)=O)=C1C5=CC(OC)=C(OC)C(OC)=C5,0
N#CC1=CC=CC(NC2=NC(C3=CC=CC=C3)=NC4=C2C=CC=C4)=C1,1
O=C(C1=CC(OC)=C(OC)C=C1)NC2=CC=CC=C2C3=NN(C4=CC=C(OCC)C=C4)N=N3,1
O=C(/C1=C/C2=CC=CS2)/C(CCC1)=C/C3=CC=CS3,0
COc1ccc(-n2nnc(-c3ccccc3NC(=O)c3ccc(C(F)(F)F)cc3)n2)cc1OC,1
COc1cccc(Nc2ncnc3ccccc23)c1,1
[H][C@]1(C/C2=N\N=C\C(CC)CC)[C@]([H])(CC)CN(C)C([C@]1(C(OC)=O)[H])CC3=C2NC4=CC=CC=C43,0
O=C(/C=C/C1=CC=C(OC)C(OC)=C1)C2=C(NC(C3=CC(Cl)=CC=C3)=O)C=CC=C2,1
O=C(NC1=CC2=C(C(OC2)=O)C=C1)COC3=CC=C(C(/C=C/C4=CC=C([N+]([O-])=O)C=C4)=O)C=C3,0
C[C@]1(CCCN1c1nc(Nc2cc([nH]n2)C2CC2)c2cccn2n1)C(=O)Nc1ccc(F)nc1,0
COC1=C(OC)C=CC(NC2=NC(C3=CC=C([N+]([O-])=O)C=C3)=NC4=CC=CC=C42)=C1,1
O=C(C1=C(C=CC=C2)C2=CC3=C1C=CC=C3)OC[C@@H](C)CN(C)CCCOC(/C=C/C4=CC(OC)=C(OC)C(OC)=C4)=O,0
O=[N+](C1=CC=C(N=C(C2=CC=CC(C(F)(F)F)=C2)N=C3NC4=CC(SC)=CC=C4)C3=C1)[O-],1
COC(Cc1ccc(O)cc1)C(=O)NCCc1ccc(O)cc1,0
COc1cccc(CCn2c3c(c4c2-c2ccccc2C4=O)C(=O)CCC3)c1,1
COc1c(O)c2c(=O)cc(C)oc2c2c(OC)cc(O)cc12,0
COC(C=C1)=C(F)C=C1NC2=NC(C3=CC=CC=C3)=NC4=C2C=CC=C4,1
CC[C@@]1(O)C(=O)OCc2c1cc1n(c2=O)Cc2cc3c(CN(C)C)c(O)ccc3nc2-1,1
CCCc1cc(N2CCN(CCOc3cccc4ccccc34)CC2)n2nc3nc(C)cc(C)c3c2n1,0
C1=CC(=CN=C1)/C(=C/C2=CC(=CC(=C2)Cl)Cl)/C#N,0
OC(C=C(C=C1O[C@@H](C/2)C3=CC=C(C=C3)O)O)=C1C2=N\NC4=CN=CC=N4,0
O=C(C1=CC=C(C)C(NC(C2=CC=C3C=CC=CC3=N2)=O)=C1)CN4CC(C=C(OCCCOC)C(OC)=C5)=C5CC4,0
COC1=CC=CC(NC2=NC(C3=CC=CC=C3)=NC4=NC=CC=C42)=C1,1
COc1cccc(CCn2c3c(c4c(OCCCCCCOc5cccc6c5c5c(n6CCc6cccc(OC)c6)-c6ccccc6C5=O)cccc42)C(=O)c2ccccc2-3)c1,1
N#CC1=CC=C(C=C1)NC2=NC(C3=CN=CC=C3)=NC4=C2C=CC=C4,1
OC1=CC=C(C2=CC=C(CN3CCC(C=C(OC)C(OC)=C4)=C4C3)C=C2)C=C1,0
COC1=CC(OC)=CC(/C=C/C2=CC(OC)=CC(OC)=C2)=C1,1
OC1=CC(O)=C2/C(C[C@H](OC2=C1)C3=CC=C(O)C=C3)=N/N=C/C4=CC=C(OC)C=C4,0
[H][C@]1(C/C2=N\N=C\C3=CC=CC(Cl)=C3)[C@]([H])(CC)CN(C)C([C@]1(C(OC)=O)[H])CC4=C2NC5=CC=CC=C54,0
COc1cc(OC)c(C(=O)/C=C/c2ccc3c(c2)OCO3)cc1OC,1
N#CC(C=C1)=CC=C1NC2=NC(C3=CC=CC=C3)=NC(NC4=CC=CC=C4O)=C2,1
O=C(NC1=CC2=C(C(OC2)=O)C=C1)COC3=C(C4=CC=CO4)OC5=C(C=CC=C5)C3=O,0
COC1=C(C=C(C2=C1)N=C(NC3=CC(Br)=CC=C3)N=C2NC4=CC(Br)=CC=C4)OC,1
N#Cc1ccc(Nc2ccnc(-c3ccccc3)n2)cc1,1
CC(=O)N[C@H]1[C@H](OCc2ccccn2)C2(CCN(CC2)C(=O)c2ccc3[nH]cnc3c2)c2ccccc12,0
COCCOCCOCCOc1cc2c(cc1OCCOCCOCCOC)CN(Cc1ccc(-c3ccc(C(=O)OC)c(NC(=O)c4ccc5ccccc5n4)c3)cc1)CC2,1
O=C1C2=CC=CC=C2OC(OCC(NC3=CC=C(Br)C=C3)=O)=C1C4=CC=C(C)C=C4,0
FC(C1=CC=CC(NC2=NC(C3=CC=CC=C3)=NC4=NC=CC=C42)=C1)(F)F,1
NC1=CC=CC(NC2=NC(C3=CC=CC([N+]([O-])=O)=C3)=NC4=CC=CC=C42)=C1,1
COC1=CC(C2)=C(C=C1OC)CCN2CCCOC3=CC=NC4=CC=CC=C43,0
O=[N+](C1=CC=C(N=C(C2=CC=CC(C(F)(F)F)=C2)N=C3NC4=CC=C([N+]([O-])=O)C=C4)C3=C1)[O-],1
O=C(/C=C/C1=CC=C(OC)C(OC)=C1)C2=C(NC(C3=C(C=CC=C4)C4=CC=C3)=O)C=C(OC)C=C2,1
BrC1=CC=C(C2=NC(CN3CCN(C4CCCCC4)CC3)=CO2)C=C1,0
CC1CC(=O)c2c3c(n(CCc4ccccc4)c2C1)-c1cc(OCCCCCCCCCCCCOc2ccc4c(c2)-c2c(c5c(n2CCc2ccccc2)CC(C)CC5=O)C4=O)ccc1C3=O,0
O=C(Nc1ccccc1-c1nnn(-c2ccccc2)n1)c1cccc2ccccc12,1
O=C(/C1=C/C2=CC=NC=C2)/C(CCC1)=C/C3=CC=NC=C3,0
CSC1=CC=CC(NC2=NC(C3=CC=CC([N+]([O-])=O)=C3)=NC4=CC=CC=C42)=C1,1
O=C(/C1=C/C2=CC=CS2)/C(CN(C)C1)=C/C3=CC=CS3,0
O=C1C=C(C(NCCC2=CNC3=C2C=C(OC)C=C3)=O)OC4=CC=CC(OCC5=CC=C(Br)C=C5)=C41,1
C1CNCCC1NC(=O)C2=C(C=NN2)NC(=O)C3=C(C=CC=C3Cl)Cl,0
N#CC1=CN(C(C)C)C2=C1N=CN=C2N3CCN(CCC4=CC=CC=C4)CC3,0
CCCCN(CCCC)CC(C1=CC(=CC\2=C1C3=C(/C2=C/C4=CC=C(C=C4)Cl)C=C(C=C3)Cl)Cl)O,0
O=C(/C=C/C1=CC=C(Cl)C(Cl)=C1)C2=C(OC)C=C(OC)C=C2,0
CC(=O)Nc1cccc(Nc2ncnc3ccccc23)c1,0
COc1cc2c(cc1OC)CN(CCc1ccc(NC(=O)c3cc(OC)c(OC)cc3[N+](=O)[O-])cc1)CC2,0
COc1cccc(CCn2c3c(c4c(O)cccc42)C(=O)c2ccccc2-3)c1,1
CC1=NC2=C(C(N)=C(C(C3=CC=C(OC)C=C3)=O)S2)C(C4=CC(OC)=C(OC)C(OC)=C4)=C1C(OCC)=O,1
OC1=CC=C(C(/C=C/C2=CC=CS2)=O)C=C1,0
CN(CCc1cn(C)c2ccccc12)C(=O)c1cc(=O)c2cc(OCc3ccc(Br)cc3)ccc2o1,0
N#CC(C=C1)=CC=C1NC2=NC(C3=CC=CC=C3)=NC(NC4=CC=CC=C4)=C2,1
[H][C@]1(C/C2=N\N=C\C3=CC=CN3)[C@]([H])(CC)CN(C)C([C@]1(C(OC)=O)[H])CC4=C2NC5=CC=CC=C54,0
COc1cc2c(cc1OC)CN(CCc1ccc(NC(=O)c3cccc4c(=O)c5cccc(OC)c5[nH]c34)cc1)CC2,1
CC1=CC(NC2=CC(F)=C(OC)C=C2)=NC(C3=CC=CC=C3)=N1,1
ClC1=CC=CC(NC2=NC(C3=CC=CC=C3)=NC4=NC=CC=C42)=C1,1
COC1=CC(CC2)=C(C=C1OC)CN2CC3=COC(C4=CC=CC(Cl)=C4)=N3,1
O=C1C2=CC=CC=C2OC(C3=CC=CC=C3)=C1O,0
COC(=O)c1ccc(C(=O)Nc2ccc(CCN3CCc4cc(OC)c(OC)cc4C3)cc2)cc1NC(=O)c1cnc(C)cn1,1
CO[C@@H]1[C@@H](OC(N)=O)[C@@H](O)[C@H](Oc2ccc3c(O)c(NC(=O)c4ccc(O)c(CC=C(C)C)c4)c(=O)oc3c2C)OC1(C)C,0
COc1ccc(C(=O)Nc2ccccc2-c2nnn(-c3ccc(OC)c(OC)c3)n2)cc1,1
N#CC1=CC=C(NC2=NC(C3=CC=CC=C3)=NC(NCC4=CC=CN=C4)=C2)C=C1,1
FC1=CC(NC2=NC(C3=CN=CC=C3)=NC4=C2C=CC=C4)=CC=C1,1
COCCOCCOCCOc1cc2c(cc1OC)CN(CCc1ccc(NC(=O)c3ccc(C(=O)OC)c(NC(=O)c4ccc5ccccc5n4)c3)cc1)CC2,1
O=C(C=C(N1CCN(CN2ON=C3C2C=CC=C3)CC1)O4)C5=C4C=C(OC)C=C5OC,0
COc1cc2c(cc1OC)CN(CCc1ccc(NC(=O)c3ccc(Br)cc3)cc1)CC2,0
CCC[C@@H]1C(=O)OC2N1C3=C(C4=C2C=C(C=C4O)C)C(=O)C5=C(C3=O)C(=CC=C5)O[C@H]6C[C@H]([C@H]([C@@H](O6)C)O)O,0
O=C(C=C(N1CCN(CCC2=CC=CC=C2)CC1)O3)C4=C3C=C(OC)C=C4OC,0
CC[C@H](C)[C@@H]1[C@H](C=C[C@@]2(O1)C[C@@H]3C[C@H](O2)C/C=C(/[C@H]([C@H](/C=C/C=C/4\CO[C@H]5[C@@]4([C@@H](C=C([C@H]5O)C)C(=O)O3)O)C)O[C@H]6C[C@@H]([C@H]([C@@H](O6)C)O[C@H]7C[C@@H]([C@H]([C@@H](O7)C)O)OC)OC)\C)C,0
CC(C)=CCC/C(C)=C/Cc1c(O)cc(O)c2c1O[C@H](c1cc(O)cc(O)c1)CC2=O,0
C1CN(CCC1N2C3=CC=CC=C3NC2=O)CCCC(C4=CC=C(C=C4)F)C5=CC=C(C=C5)F,0
CC[C@@H]1C(=O)N(C2=CN=C(N=C2N1C3CCCC3)NC4=C(C=C(C=C4)C(=O)NC5CCN(CC5)C)OC)C,0
N#CC1=CN(C)C2=C1N=CN=C2N3CCN(CCC4=CC=CC=C4)CC3,0
CC1=C(C(OCCCC2=CC=CC=N2)=O)C(C3=CC(Cl)=CC=C3)C4=C(CCCC4=O)N1,0
O=C(/C=C/C1=CC(OC)=CC(OC)=C1)C2=C(NC(C3=CC=CC=C3)=O)C=C(OC)C=C2,1
O=C(C1=CC=C(C(F)(F)F)C=C1)NC2=CC=CC=C2C3=NN(C4=CC=C(C)C=C4)N=N3,1
[H][C@]1(C/C2=N\N=C\C(CC)CC)[C@@]([H])(CC)CN(C)C([C@]1(C(OC)=O)[H])CC3=C2NC4=CC=CC=C43,0
O=C(/C=C/C1=CC=C(OC)C(OC)=C1)C2=CC=C(NC(C3=CC=CC(Br)=C3)=O)C=C2,1
O=C(COC1=CC=C(C(/C=C/C2=CC=C(OCC)C=C2)=O)C=C1)NCC3=CC4=C(OCO4)C=C3,0
O=C(C=C(N1CCN(CC2=CC=C(N)C=C2)CC1)O3)C4=C3C=C(OC)C=C4OC,0
COC(=O)c1ccc(-c2ccc(CN3CCc4ccccc4C3)cc2)cc1NC(=O)c1ccc2ncccc2c1,1
FC(F)(F)C1=CC(NC2=NC(C3=CC=CC=C3)=NC4=CC=CC=C42)=CC=C1,1
N#CC(C=C1)=CC=C1NC2=NC(C3=CC=CC=C3)=NC(NC4=CC=CC(O)=C4)=C2,1
COC1=CC(CCN(CCC2=CC=C(NCC3=C(C=CC=C4)C4=CC5=C3C=CC=C5)C=C2)C6)=C6C=C1OC,0
O=C1C2=CC=CC=C2OC(OCC(NC3=CC=C(Br)C=C3)=O)=C1C4=CC=C(OC)C=C4,0
CO/C(=C\c1ccccc1)C(=O)N/C=C/c1ccc(O)cc1,0
COCCOCCOCCOc1cc2c(cc1OC)CCN(Cc1ccc(-c3ccc(C(=O)OC)c(NC(=O)c4ccc5ccccc5n4)c3)cc1)C2,1
COc1ccc(CCNC(=O)c2cc(=O)c3c(OCCc4ccc(OC)c(OC)c4)cccc3o2)cc1OC,1
C[C@@H](C1=NC(=CS1)C2=CC=C(C=C2)C#N)[C@](CN3C=NC=N3)(C4=C(C=CC(=C4)F)F)O,0
CCN(CC)C1=CC=CC(NC2=NC(C3=CC=CC([N+]([O-])=O)=C3)=NC4=CC=CC=C42)=C1,1
O=C(C1=CC=C(C(F)(F)F)C=C1)NC2=CC=CC=C2C3=NN(C4=CC=C(OCC)C=C4)N=N3,0
COC1=CC(OC)=CC(/C=C/C2=CC=C(OC)C=C2)=C1OC,0
O=C(Nc1ccccc1-c1nnn(-c2ccccc2)n1)c1cccc([N+](=O)[O-])c1,1
O=C1C2=CC=C3C(C=CC=C3)=C2OC(C4=CC=C(OC)C(OC)=C4)=C1OC,1
ClC1=CC=C(C2=NC(CN3CCN(C4CCCCC4)CC3)=CO2)C=C1,0
O=C(C1=CC(OC)=C(OC)C=C1)NC2=CC=CC=C2C3=NN(C4=CC=C(C(F)(F)F)C=C4)N=N3,1
N#CC1=C(CCCC2)N2C3=C1N=CN=C3N4CCNCC4,0
O=C(/C=C/C1=CC(OC)=C(OC)C(OC)=C1)OC[C@H](C)CN(C)CCCOC(C2=CC(OC)=C(OC)C(OC)=C2)=O,0
O=[N+](C1=CC=CC(NC2=NC(C3=CC=CC=C3)=NC4=NC=CC=C42)=C1)[O-],1
[H][C@]1(C/C2=N\N=C\C3CCCC3)[C@@]([H])(CC)CN(C)C([C@]1(C(OC)=O)[H])CC4=C2NC5=CC=CC=C54,0
COC(C(OC)=C1)=CC=C1C2=NC3=CC=CC=C3C(NC4=CC(S(=O)(F)=O)=CC=C4)=N2,1
COc1cccc(OC)c1/C=C/C(=O)c1ccc(C(=O)/C=C/c2c(OC)cccc2OC)cc1,1
COc1cc2c(cc1OC)CN(CCc1ccc(NC(=O)c3ccccc3)cc1)CC2,0
OC1=CC=CC=C1C(/C=C/C2=CC=CS2)=O,0
COC1=CC(CCN(CCC2=CC=C(NC(/C=C/C3=CC(OC)=C(OC)C(OC)=C3)=O)C=C2)C4)=C4C=C1OC,0
Cn1cc(-c2noc(-c3cc(Nc4ccccc4)ncn3)n2)c2ccccc21,1
COC1=CC=CC(NC2=NC(C3=CC=C([N+]([O-])=O)C=C3)=NC4=CC=CC=C42)=C1,1
O=C(/C=C/C1=CC=C(OC)C(OC)=C1)C2=C(NC(C3=CC=CS3)=O)C=CC=C2,1
COc1cccc(CCn2c3c(c4c(OCCCCCCOc5ccc6c(c5)-c5c(c7c(n5CCc5ccccc5)CC(C)CC7=O)C6=O)cccc42)C(=O)c2ccccc2-3)c1,1
COc1cccc(CCn2c3c(c4c(OCCOc5cccc6c5c5c(n6CCc6cccc(OC)c6)-c6ccccc6C5=O)cccc42)C(=O)c2ccccc2-3)c1,1
CCCCCC1=CC(=C(C(=C1)O)[C@@H]2C=C(CC[C@H]2C(=C)C)C)O,0
CC1=CC(NC2=CC=C(OC)C=C2)=NC(C3=CC=NC=C3)=N1,1
O=C1OCC2=C1C=CC(NC(COC3=CC=C(/C=C/C(C4=CC=C(F)C=C4)=O)C=C3)=O)=C2,0
C[C@@H]1CC[C@H]2[C@H]([C@H](O[C@H]3[C@@]24[C@H]1CCC(O3)(OO4)C)O)C,0
COc1cc(OC)c2c(c1)O[C@H](c1cc(OC)c(OC)c(OC)c1)[C@H](OC(=O)/C=C/c1cc(OC)c(OC)c(OC)c1)C2,1
FC1=CC=CC(NC2=NC(C3=CC=CC(C(F)(F)F)=C3)=NC4=CC=C([N+]([O-])=O)C=C42)=C1,1
N#CC1=CN(CCC2=CC=CC=C2)C3=C1N=CN=C3NCCC4=CC=CC=C4,0
O=[N+](C1=CC=C(N=C(C2=CC=CC=C2)N=C3NC4=CC(C(O)=O)=CC=C4)C3=C1)[O-],1
O=C(C=C(N1CCN(C2=CC=C([N+]([O-])=O)C=C2)CC1)O3)C4=C3C=C(OC)C=C4OC,0
COC(=O)c1ccc(C(=O)Nc2ccc(CCN3CCc4cc(OC)c(OC)cc4C3)cc2)cc1NC(=O)c1cnc2ccccc2n1,1
N#CC1=CN(CC2=CC=CC=C2)C3=C1N=CN=C3NC4=CC=CC=C4,0
N#CC1=CC(NC2=NC(C3=CC=NC=C3)=NC4=C2C=CC=C4)=CC=C1,1
CSc1ccc(-n2nnc(-c3ccccc3NC(=O)c3ccc([N+](=O)[O-])cc3)n2)cc1,0
N#CC(C=C1)=CC=C1NC2=NC(C3=CC=CC=C3)=NC(NC4=CC=C(O)C=C4)=C2,1
CC1=CC(NC2=CC(OC)=CC=C2)=NC(C3=CC=NC=C3)=N1,1
COC1=C(OC)C(OC)=CC(/C=C/C2=CC(OC)=CC(OC)=C2)=C1,1
N#CC1=C(CCCCC2)N2C3=C1N=CN=C3N4CCN(C5=CC=CC=N5)CC4,0
COc1cccc(-n2nnc(-c3ccccc3NC(=O)Nc3ccc(N=[N+]=[N-])cc3)n2)c1,1
COC1=CC(C2=NC3=NC=CC=C3C(NC4=CC=C(C(F)(F)F)C=C4)=N2)=CC=C1,1
[H][C@]1(C/C2=N\N=C\C3=C([N+]([O-])=O)C=CC=C3)[C@@]([H])(CC)CN(C)C([C@]1(C(OC)=O)[H])CC4=C2NC5=CC=CC=C54,0
O=[N+](C1=CC(C2=NC3=CC=CC=C3C(NC4=CC=CC=C4)=N2)=CC=C1)[O-],1
COC1=C(OC)C=C(CN(CC2=CC=C(C3=C([N+]([O-])=O)C=C(O)C=C3)C=C2)CC4)C4=C1,0
CC1=C(C2=C(C1=CC3=CC=C(C=C3)SC)C=CC(=C2)F)CC(=O)O,0
COc1ccc2c(c1)C(=O)CC(c1ccccc1)O2,0
COC1=CC(C2=NC3=NC=CC=C3C(NC4=CC=C(SC)C=C4)=N2)=CC=C1,1
COC1=CC(CC2)=C(C=C1OC)CN2CC3=COC(C4=CC=CC([N+]([O-])=O)=C4)=N3,0
O=[N+](C1=CC(C2=NC3=CC=CC=C3C(NC4=CC([N+]([O-])=O)=CC=C4)=N2)=CC=C1)[O-],1
O=C(NC1=CC2=C(C(OC2)=O)C=C1)COC3=CC=C(C(/C=C/C4=CC=CC(OC)=C4)=O)C=C3,0
O=[N+](C1=CC=C(N=C(C2=CC=C(OC)C(OC)=C2)N=C3NC4=CC(C(F)(F)F)=CC=C4)C3=C1)[O-],1
O=C(/C=C/C1=CC=C(OC)C(OC)=C1)C(C=C2)=CC=C2NC3=NC=NC4=CC=CC=C43,1
O=C(C1=CC=C(CCC)C=C1)NC2=CC=CC=C2C3=NN(C4=CC=C(OC)C=C4)N=N3,1
COCCOCCOCCOc1cc2c(cc1OC)CN(Cc1ccc(-c3ccc(C(=O)OC)c(NC(=O)c4ccc5ncccc5c4)c3)cc1)CC2,1
O=C(NC1=CC2=C(C(OC2)=O)C=C1)COC3=C(C4=CC=C(C)C=C4)OC5=C(C=CC=C5)C3=O,0
O=C(Nc1ccccc1-c1nnc(-c2ccccc2)o1)c1ccccc1,1
C[C@@H](C1=NC=NC=C1F)[C@](CN2C=NC=N2)(C3=C(C=C(C=C3)F)F)O,0
O=C(Nc1ccccc1-c1nnn(-c2ccc(Cl)cc2)n1)c1ccc([N+](=O)[O-])cc1,0
O=C(/C1=C/C2=CC(OC)=CC=C2OC)/C(CN(C)C1)=C/C3=C(OC)C=CC(OC)=C3,0
C1(C2=NC(CN3CCN(C4CCCCC4)CC3)=CO2)=CC=CC=C1,1
COC1=CC(NC2=NC(C3=CC=NC=C3)=NC4=C2C=CC=C4)=CC=C1,1
CNC1=NC=C2C(=C1)C(=NC=N2)NC3=CC(=CC=C3)Br,1
FC(C1=CC(NC2=NC(C3=CC=NC=C3)=NC4=C2C=CC=C4)=CC=C1)(F)F,1
OC1=C(OC)C=CC(NC2=NC(C3=CC=CC(C#N)=C3)=NC4=CC=CC=C42)=C1,1
COc1cc2c(cc1OC)CN(CCc1ccc(NC(=O)c3ccc4ncccc4c3)cc1)CC2,0
Cc1nsc(N2CCCN(Cc3cc4ccccc4nc3N3CCOCC3)CC2)n1,0
O=[N+](C1=CC=C(N=C(C2=CC=CC(C(F)(F)F)=C2)N=C3NC4=CC(OC)=CC=C4)C3=C1)[O-],1
COc1cccc(CCn2c3c(c4c(OCCCCCCCCCCOc5cccc6c5c5c(n6CCc6cccc(OC)c6)-c6ccccc6C5=O)cccc42)C(=O)c2ccccc2-3)c1,0
O=C(NC1=CC2=C(C(OC2)=O)C=C1)COC3=C(C4=CC=CC=C4)OC5=C(C=CC=C5)C3=O,0
O=C(C1=CC=C(OC)C=C1)NC2=CC=CC=C2C3=NN(C4=CC=C(C(F)(F)F)C=C4)N=N3,1
O=[N+](C1=CC=C(N=C(C2=CC=CC=C2)N=C3NC4=CC=CC=C4)C3=C1)[O-],1
COC1=CC=CC(C2=NC3=CC=CC=C3C(NC4=CC(OC)=CC=C4)=N2)=C1,1
Cc1c(O)cc2c(c1O)C(=O)CC(c1ccccc1)O2,0
COC1=C(C=C2CN(CCC2=C1)CC3=C([N+]([O-])=O)C=C(C=C3)C4=CC=C(C=C4)O)OC,0
CC1=NC2=C(C(N)=C(C(C3=CC=C(OC)C=C3)=O)S2)C(C4=CC=C(OC)C=C4)=C1C(OCC)=O,1
N#CC1=CC=CC(NC2=NC(C3=CC=CC=C3)=NC4=NC=CC=C42)=C1,1
COc1ccc(-n2nnc(-c3cc(OC)ccc3NC(=O)c3ccc([N+](=O)[O-])cc3)n2)cc1,1
COC1=C(OC)C=C(CN(CC2=CC=C(C3=CC(N)=C(O)C=C3)C=C2)CC4)C4=C1,0
O=C1C=C(C(N2CCN(CC3=C([N+]([O-])=O)C=CC=C3)CC2)=O)OC4=C1C(O)=CC(OC)=C4,0
COC(C(OC)=C1)=CC=C1C2=NC3=CC=CC=C3C(NC4=CC=C([N+]([O-])=O)C=C4)=N2,1
COC1=CC=C(C=C1)C2=CC(=O)C3=C(C=C(C=C3O2)O)O,0
O=[N+]([O-])C1=CC=CC(NC2=NC(C3=CC=CS3)=NC4=CC=CC=C42)=C1,1
CSC(C=C1)=CC=C1NC2=NC(C3=CC=CC([N+]([O-])=O)=C3)=NC4=CC=CC=C42,1
COc1ccc(-n2nnc(-c3cccc(NC(=O)c4ccc(C(F)(F)F)cc4)c3)n2)cc1,0
O=C(C1=C(NC(C2=CC(C=CC=C3)=C3N=C2)=O)C=CC=C1)NC(C=C4)=CC=C4CCN5CCC(C=CC=C6)=C6C5,1
O=C(O[C@@H]1N2C3=C(C(C4=C(C(O[C@H]5C[C@@H](O)[C@@H](O)[C@H](C)O5)=CC=C4)C3=O)=O)C6=C1C=C(C)C=C6O)[C@@H]2CC(C)C,0
OC1=CC=CC=C1C(/C=C/C2=CC=CO2)=O,0
O=C(C=C(N1CCN(C(C2=CC=C([N+]([O-])=O)C=C2)=O)CC1)O3)C4=C3C=C(OC)C=C4OC,0
O=C(NCc1cn(Cc2ccc(Br)cc2)nn1)c1cc(=O)c2c(OCc3ccc(Br)cc3)cccc2o1,1
Cc1ccccc1-n1c(SCC(=O)N2CCN(Cc3ccccc3)CC2)nnc1-c1cccnc1,0
COC1=CC(=CC(=C1OC)OC)/C=C/C(=O)N2CCC=CC2=O,0
O=C(C=C(N1CCN(CC2=CC=C(SC(F)(F)F)C=C2)CC1)O3)C4=C3C=C(OC)C=C4OC,0
C[C@@]12C[C@H](OC(C3=CC=C(Br)C=C3)=O)[C@@]4(C)[C@H](CCC4)[C@H]1C[C@@]5(C)CC[C@@H]2O5,0
C/C=C/C[C@@H](C)[C@@H](O)[C@H]1C(=O)N[C@@H](CC)C(=O)N(C)[C@H](C)C(=O)N(C)[C@@H]([C@@H](C)CN2CCN(CCOC)CC2)C(=O)N[C@@H](C(C)C)C(=O)N(C)[C@@H](CC(C)C)C(=O)N[C@@H](C)C(=O)N[C@H](C)C(=O)N(C)[C@@H](CC(C)C)C(=O)N(C)[C@@H](CC(C)C)C(=O)N(C)[C@@H](C(C)C)C(=O)N1C,0
O=[N+](C(C=C1)=CC=C1CCN2CC3=CC=CC=C3CC2)[O-],0
O=[N+](C1=CC=C(N=C(C2=CC=CC=C2)N=C3NC4=CC=C(C#N)C=C4)C3=C1)[O-],1
O=C(CCC)O[C@@H]1[C@@]2(C)[C@H](CCC2)[C@@H]3[C@@]([C@H](O[Si](C)(C(C)(C)C)C)[C@@H]([O])[C@@H]([O])C(C)=C3)(C)C1,0
CC1=CC(NC2=CC(Cl)=CC=C2)=NC(C3=CC=CC=C3)=N1,1
COC1=CC(CC2)=C(C=C1OC)CN2CC3=COC(C4=CC=CC=C4O)=N3,0
C1(N=CN2)=C2C(N3CCN(C4=CC=CC=C4)CC3)=NC=N1,0
N#CC(C=C1)=CC=C1NC2=NC(C3=CC=CC=C3)=NC(NCC4=CC=CC=C4)=C2,1
CC(C)c1ccc(-n2nnc(-c3ccccc3NC(=O)c3ccc(C(F)(F)F)cc3)n2)cc1,0
COC1=C(OC)C=C(CN(CC2=CC=C(C3=CC([N+]([O-])=O)=C(O)C=C3)C=C2)CC4)C4=C1,0
O=C(NC1=CC2=C(C(OC2)=O)C=C1)COC3=CC=C(C(/C=C/C4=CC(OC)=C(OC)C(OC)=C4)=O)C=C3OC,0
O=C(OC)C1=CC=C(C2=CN(C3=CC=C(CCN4CC(C=C(OC)C(OC)=C5)=C5CC4)C=C3)N=N2)C=C1NC(C6=NC(C=CC=C7)=C7C=C6)=O,1
COc1cc(O)c2c(=O)c3c(oc2c1)C(OC)Oc1c(O)cccc1-3,1
CC1=C(C=C(C=C1)C(=O)NC2=CC(=C(C=C2)CN3CCN(CC3)C)C(F)(F)F)C#CC4=CN=C5N4N=CC=C5,1
Cc1ccc(cc1)S(=O)(=O)C(C#N)c1nc2ccccc2nc1N1CCN(Cc2ccccc2)CC1,0
FC(F)(F)c1cccc(Sc2nc(-c3ccccc3)nc3ccccc23)c1,0
Cc1cc(Nc2ccc3ncccc3c2)nc(-c2ccccc2)n1,1
O=C(NC1=CC2=C(C(OC2)=O)C=C1)COC3=C(C4=CC=C(OC)C(OC)=C4)OC5=C(C=CC=C5)C3=O,0
O=C(/C1=C/C2=CC=NC(F)=C2)/C(CCC1)=C/C3=CC=NC(F)=C3,0
N#CC(C=C1)=CC=C1NC2=NC(C3=CC=CC=C3)=NC(NC4=CC=C(C#N)C=C4)=C2,1
COC1=CC=CC(C2=NC3=CC=CC=C3C(NC4=CC([N+]([O-])=O)=CC=C4)=N2)=C1,1
COc1cc(OC)cc(C(=O)/C=C/c2ccc(/C=C/C(=O)c3cc(OC)cc(OC)c3)cc2)c1,1
IC(C=C1)=CC=C1NC2=NC(C3=CC=CC=C3)=NC4=C2C=CC=C4,1
c1ccc(CN2CCc3c([nH]c4ccccc34)C2c2ccccc2)cc1,0
N#CC1=C(CCCC2)N2C3=C1N=CN=C3N4CCN(C(C5=CC=CC=C5)C6=CC=CC=C6)CC4,0
COC1=CC(C2=NC3=CC=CC=C3C(NC4=CC=CC=C4[N+]([O-])=O)=N2)=CC=C1OC,1
COc1cc2c(cc1OC)CN(CCc1ccc(NC(=O)c3ccc(C(=O)O)c(NC(=O)c4ccc5ccccc5n4)c3)cc1)CC2.O=C(O)C(F)(F)F,0
O=C(c1ccccc1)N1CCc2c([nH]c3ccccc23)C1c1ccc(C(F)(F)F)cc1,0
COC1=CC2=C(C=C1OCCCN3CCOCC3)C(NC4=CC(Cl)=C(F)C=C4)=NC=N2,1
C1CCNC(C1)C(C2=CC(=NC3=C2C=CC=C3C(F)(F)F)C(F)(F)F)O,0
COC1=CC(CCN(CCC2=CC=C(NC(C#CC3=CC(OC)=C(OC)C(OC)=C3)=O)C=C2)C4)=C4C=C1OC,0
CCC(=O)c1ccc(-c2cn(-c3ccc(CCN4CCc5cc(OC)c(OC)cc5C4)cc3)nn2)cc1NC(=O)c1cccc(OC)n1,1
COC1=C(OC)C=C(CN(CC2=CC([N+]([O-])=O)=C(C3=CC=C(O)C=C3)C=C2)CC4)C4=C1,0
CCC(=O)c1ccc(-c2cn(-c3ccc(CCN4CCc5cc(OC)c(OC)cc5C4)cc3)nn2)cc1NC(=O)c1cccc(Cl)n1,1
C[C@@]12C[C@H](OC(C3=CC=C(Br)C=C3)=O)[C@@]4(C)[C@H](CCC4)[C@H]1C=C(C)CC[C@@H]2OCOCC5=CC=CC=C5,0
O=C(N(CC)CC)NC1=CC(C=CC=C2)=C2C=C1C(O)=O,0
O=C(/C=C/C1=CC=C(Cl)C=C1)C2=C(O)C=C(OC)C=C2,0
COC1=C(C=C2CN(CCC2=C1)CCC3=CC=C(C=C3)NC(=O)C4=CC(=C(C=C4NC(=O)C5=CC6=CC=CC=C6N=C5)OC)OC)OC,1
O=C(C(SC1=C2C(C3=CC(OC)=C(C(OC)=C3)OC)=C(C#N)C(N)=N1)=C2N)C4=CC=C(C=C4)OC,0
COc1ccc(-n2nnc(-c3ccccc3NC(=O)C3CCCCC3)n2)cc1,1
CC(C)N=C(N)/N=C(\N)/NC1=CC=C(C=C1)Cl,0
CC1=CC(NC2=CC(C#N)=C(F)C=C2)=NC(C3=CC=CC=C3)=N1,1
COC1=C(C=C(C2=C1)N=C(NC3=CC([N+]([O-])=O)=CC=C3)N=C2NC4=CC([N+]([O-])=O)=CC=C4)OC,1
COC1=CC(CC2)=C(C=C1OC)CN2CC3=COC(C4=CC=C(SC)C=C4)=N3,0
COc1cccc(C(=O)N2CCc3c([nH]c4ccccc34)C2c2ccc(Cl)c(Cl)c2)c1,1
COC1=CC(C2=NC(CN3CCN(C4CCCCC4)CC3)=CO2)=CC=C1,0
[H][C@]1(C/C2=N\N=C\C3=CNC4=C3C=CC=C4)[C@@]([H])(CC)CN(C)C([C@]1(C(OC)=O)[H])CC5=C2NC6=CC=CC=C65,0
COC1=CC(C2)=C(C=C1OC)CCN2C(COC3=NC4=CC=CC=C4C=C3)=O,0
N#CC1=CN(C2=CC=CC=C2)C3=C1N=CN=C3NC4=CC=CC=C4,0
O=C1C=C(C(N2CCN(CC3=CC=C([N+]([O-])=O)C=C3)CC2)=O)OC4=C1C(OC)=CC(OC)=C4,0
COC1=CC(CCN(CCC2=CC=C(OC(C3C(C=CC=C4)=C4C5=C3C=CC=C5)=O)C=C2)C6)=C6C=C1OC,0
O=C(C=C(N1CCN(CC2=CC=C([N+]([O-])=O)C=C2)CC1)O3)C4=C3C=CC=C4OC,0
CCC(=O)c1ccc(-c2cn(-c3ccc(CCN4CCc5cc(OC)c(OC)cc5C4)cc3)nn2)cc1NC(=O)c1cc(=O)c2ccccc2o1,1
O=C1C2=C(OC)C=C(OC)C=C2OC(C3=CC=C(OC)C=C3)=C1O,0
CCCCCOC1=CC=C(C=C1)C2=CC(=NO2)C3=CC=C(C=C3)C(=O)N[C@H]4C[C@H]([C@H](NC(=O)[C@@H]5[C@H]([C@H](CN5C(=O)[C@@H](NC(=O)[C@@H](NC(=O)[C@@H]6C[C@H](CN6C(=O)[C@@H](NC4=O)[C@@H](C)O)O)[C@@H]([C@H](C7=CC(=C(C=C7)O)OS(=O)(=O)O)O)O)[C@@H](CC(=O)N)O)C)O)O)O,0
O=C(C1=CC=CC(NC2=NC(C3=CC=NC=C3)=NC4=CC=CC=C42)=C1)OC,1
O=C(/C1=C/C2=CC(OC)=C(OC)C(OC)=C2)/C(CN(C)C1)=C/C3=CC(OC)=C(OC)C(OC)=C3,0
COC(C=C1)=C(OC)C=C1NC2=NC(C3=CC=CC=C3)=NC4=NC=CC=C42,1
COC1=CC(CCN(CCC2=CC=C(NCC3=CC(OC)=C(OC)C(OC)=C3)C=C2)C4)=C4C=C1OC,0
O=C(c1ccccc1)N1CCc2c([nH]c3ccccc23)C1c1cccc(Cl)c1,1
O=C(c1ccccc1)N1CCc2c([nH]c3ccccc23)C1c1ccccc1Cl,0
O=C(/C=C/C1=CC=C(OC)C(OC)=C1)C2=C(NC(C3=CC=CC=C3)=O)C=CC=C2,1
CC1=C(C(OCCC2=CC=CC=N2)=O)C(C3=C(Cl)C(Cl)=CC=C3)C4=C(CCCC4=O)N1,0
O=C(/C=C/C1=CC(OC)=CC(OC)=C1)C2=C(NC(C3=CC=CS3)=O)C=C(OC)C=C2,1
N#CC(C=C1)=CC=C1NC2=NC(C3=CC=CC=C3)=NC(NCCC4=CC=CC=C4)=C2,1
O=C(C1=CC(OC)=C(OC)C=C1)NC2=CC=CC=C2C3=NN(C4=CC=C(OC)C=C4)N=N3,1
O=C(/C=C/C1=CC=C(OC)C=C1)C2=CC=CC(NC3=NC=NC4=CC=CC=C43)=C2,1
O=C(OC)C1=CC=C(C2=CN(C3=CC=C(CCN4CC(C=CC=C5)=C5CC4)C=C3)N=N2)C=C1NC(C6=NC(C=CC=C7)=C7C=C6)=O,1
O=C1C2=CC=CC=C2OC(C3=CC=C(OC)C=C3)=C1O,0
C[C@@]12C[C@H](OC(C3=CC=C(N=CC=C4)C4=C3)=O)[C@@]5(C)[C@H](CCC5)[C@H]1C=C(C)CC[C@@H]2OC(C6=CC(C=CC=N7)=C7C=C6)=O,0
O=C(C=C(N1CCN(CC2=CC=C(S(=O)(C)=O)C=C2)CC1)O3)C4=C3C=C(OC)C=C4OC,0
CCN(CC)CCCC(C)NC1=C2C=CC(=CC2=NC=C1)Cl,0
O=C1OCC2=C1C=CC(NC(COC3=CC=C(C(/C=C/C4=CC=CS4)=O)C=C3)=O)=C2,0
COCCOCCOCCOc1cc2c(cc1OC)CN(CCc1ccc(NC(=O)c3ccc(C(=O)O)c(NC(=O)c4ccc5ncccc5c4)c3)cc1)CC2.O=C(O)C(F)(F)F,0
COC1=CC(OC)=CC(/C=C/C2=CC(OC)=CC(OC)=C2)=C1OC,0
O=C(CC)C1=CC=C(C2=CN(C3=CC=C(CCN4CC(C=C(OCCOCCOCCOC)C(OC)=C5)=C5CC4)C=C3)N=N2)C=C1NC(C6=NC(C=CC=C7)=C7C=C6)=O,1
CC1(C)[C@H]2[C@@H](OC(C3=CC=CC=C3)=O)[C@]4(O1)[C@@](C)(O)CC(OC(C5=CN=CC=C5)=O)[C@@H](OC(C)=O)[C@]4(COC(C)=O)C(OC(C6=CC=CC=C6)=O)C2,0
O=C(NC1=C(N)C=CC=C1)NC2=CC=C(C=C2)CCN3CC4=CC=CC=C4CC3,0
O=C(/C=C/C1=CC=C(OC)C(OC)=C1)C2=C(O)C=C(OC)C=C2OC,1
O=c1c2ccccc2[nH]c2ccc(O)cc12,0
C1CCN(CC1)C(=O)/C=C/C=C/C2=CC3=C(C=C2)OCO3,0
COC1=C(C2=C(C[C@H]3C4=CC(=C(C=C4CCN3C2)OC)OC)C=C1)OC,0
O=C(Nc1ccccc1-c1nnn(-c2ccccc2)n1)c1ccccc1,1
CC1=CC(NC2=CC(C)=C(C#N)C=C2)=NC(C3=CC=CC=C3)=N1,1
COC1=CC(C2)=C(C=C1OC)CCN2CCCCCOC3=NC4=CC=CC=C4C=C3,0
COC(=O)c1cccc(COc2c(-c3ccc(OCCOCCn4cc(CN(Cc5ccccc5)Cc5cn(CCOCCOc6ccc(-c7oc8ccccc8c(=O)c7OCc7cccc(C(=O)OC)c7)cc6)nn5)nn4)cc3)oc3ccccc3c2=O)c1,1
COc1ccc2[nH]cc(CCN(C)C(=O)c3cc(=O)c4c(OCc5ccc(Br)cc5)cccc4o3)c2c1,0
O=C(/C=C/C1=CC=CC=C1)C2=C(O)C=CC=C2,0
COc1cc(OC)c(/C=C/C(=O)c2cn(C)c3ccc(OC)cc23)c(OC)c1,1
BrC1=CC(NC2=NC(C3=CC=CC=C3)=NC4=CC=CC=C42)=CC=C1,1
O=[N+](C1=CC=C(N=C(C2=CC=CC=C2)N=C3NC4=CC(OC)=C(OC)C=C4)C3=C1)[O-],1
O=C1CCCc2c1c1c(n2Cc2ccccc2)-c2ccccc2C1=O,0
O=[N+]([O-])C1=CC=C(OC2=NC(C3=CC=CC=C3)=NC4=CC=CC=C42)C=C1,0
COc1ccc(C(=O)N2CCc3c([nH]c4ccccc34)C2c2ccc(F)c(F)c2)cc1,1
COC1=CC(C2=NC3=NC=CC=C3C(NC4=CC(OC)=C(OC)C=C4)=N2)=CC=C1,1
COc1cccc(-n2nnc(-c3ccccc3NC(=O)Nc3ccc([N+](=O)[O-])cc3)n2)c1,1
Cc1cn([C@H]2C[C@H](N=[N+]=[N-])[C@@H](COC(=O)CCCCCCCCCCCCC(=O)OC[C@H]3O[C@@H](n4cc(C)c(=O)[nH]c4=O)C[C@@H]3N=[N+]=[N-])O2)c(=O)[nH]c1=O,0
CCCc1ccc(NC(=O)c2ccccc2NC(=O)Nc2ccc([N+](=O)[O-])cc2)cc1,1
CCCc1ccc(NC(=O)c2ccccc2NC(=O)c2cccc([N+](=O)[O-])c2)cc1,1
CN1CCN(CC1)C2=NC3=CC=CC=C3OC4=C2C=C(C=C4)Cl,0
O=C(/C1=C/C2=CC=CN=C2)/C(CN(C)C1)=C/C3=CN=CC=C3,0
O=C(Nc1ccc([N+](=O)[O-])cc1)Nc1ccccc1C(=O)Nc1ccc(C(F)(F)F)cc1,1
O=[N+](C1=CC(C2=NC3=CC=CC=C3C(NC4=CC(OCCO5)=C5C=C4)=N2)=CC=C1)[O-],1
COC1=CC(CCN(CCC2=CC=C(NC(C3=C(C=CC=C4)C4=CC5=C3C=CC=C5)=O)C=C2)C6)=C6C=C1OC,0
O=C(C(SC1=C2C(C3=CC(OC)=C(OC)C(OC)=C3)=CC(C)=N1)=C2N)C4=CC=C(C=C4)OC,0
COc1ccc(C(=O)Nc2ccccc2-c2nnc(-c3ccc(OC)cc3)o2)cc1,1
O=C(C)NC1=CC=CC(NC2=NC(C3=CC=CC([N+]([O-])=O)=C3)=NC4=CC=CC=C42)=C1,1
COc1cccc(-n2nnc(-c3ccccc3NC(=O)Nc3ccc(NC(C)=O)cc3)n2)c1,1
COC(Cc1ccc(O)cc1)C(=O)N/C=C/c1ccc(O)cc1,0
COc1ccc2[nH]cc(CCNC(=O)c3cc(=O)c4cc(OCc5ccc(Br)cc5)ccc4o3)c2c1,1
COc1ccc(CCNC(=O)c2cccc3c(=O)c4ccccc4[nH]c23)cc1,1
N#CC1=CN(C2CC2)C3=C1N=CN=C3N4CCN(CCC5=CNC6=C5C=CC=C6)CC4,0
CC1CC(=O)c2c3c(n(CCc4ccccc4)c2C1)-c1cc(OCCCCCCCCCCOc2ccc4c(c2)-c2c(c5c(n2CCc2ccccc2)CC(C)CC5=O)C4=O)ccc1C3=O,0
CN(CCc1c[nH]c2ccccc12)C(=O)c1cc(=O)c2cc(OCc3ccc(Br)cc3)ccc2o1,0
O=C(C1=CC=C(C(F)(F)F)C=C1)NC2=CC=CC=C2C3=NN(C4=CC=C(OC)C=C4)N=N3,1
CC1=C(C(OCCC2=CC=CC=N2)=O)C(C3=C(Cl)C=C(Cl)C=C3)C4=C(CCCC4=O)N1,0
O=C(C=C(N1CCN(CC2=CC=C([N+]([O-])=O)C=C2)CC1)O3)C4=C3C=C(OC)C=C4OC,0
CC(C)n1c2c(c3c1-c1ccccc1C3=O)C(=O)CCC2,0
OC1=CC(NC2=NC(C3=CC=CC=C3)=NC4=CC=CC=C42)=CC=C1,1
COCCOCCOCCOc1cc2c(cc1OC)CCN(CCc1ccc(NC(=O)c3ccc(C(=O)OC)c(NC(=O)c4ccc5ccccc5n4)c3)cc1)C2,1
COc1cc2c(cc1OC)CN(CCc1ccc(NC(=O)c3ccccc3NC(=O)c3ccc([N+](=O)[O-])cc3)cc1)CC2,1
OC1=CC(O)=C2/C(C[C@@H](C3=CC=C(O)C=C3)OC2=C1)=N/N=C/C4=CC=CN4C,0
COc1ccc2c(CCNC(=O)c3cc(=O)c4c(OCc5ccc(Br)cc5)cccc4o3)c[nH]c2c1,1
O=C(/C1=C/C2=NC=CN2C)/C(CN(C)C1)=C/C3=NC=CN3C,0
CC1=C(C(OCCC2=CC=CC=N2)=O)C(C3=CC=C(Cl)C=C3)C4=C(CCCC4=O)N1,0
O=C1C2=CC=C3C(C=CC=C3)=C2OC(C4=CC=C(F)C(OC)=C4)=C1,1
OC1=CC(O)=C2/C(C[C@@H](C3=CC=C(C=C3)O)OC2=C1)=N/N=C/C4=CC=CC(OC)=C4,0
OC(C=C(C=C1O[C@@H](C/2)C3=CC=C(C=C3)O)O)=C1C2=N\NC(OCC4=CC=CC=C4)=O,0
CCOC1=C(C=C(C=C1)CC2=NC=CC3=CC(=C(C=C32)OCC)OCC)OCC,0
CC(C)c1nc(CN(C)C(=O)N[C@H](C(=O)N[C@@H](Cc2ccccc2)C[C@H](O)[C@H](Cc2ccccc2)NC(=O)OCc2cncs2)C(C)C)cs1,0
BrC(C=C1)=C(OC)C=C1NC2=NC(C3=CC=CC=C3)=NC4=C2C=CC=C4,1
N#CC1=CN(CCC)C2=C1N=CN=C2N3CCN(CCC4=CC=CC=C4)CC3,0
OC(C=C1)=CC=C1NC2=NC(C3=CC=CC=C3)=NC4=CC=CC=C42,1
COC1=C(OC)C=CC(NC2=NC(C3=CC=CC([N+]([O-])=O)=C3)=NC4=CC=CC=C42)=C1,1
CCCc1ccc(NC(=O)c2ccccc2NC(=O)Nc2cccc([N+](=O)[O-])c2)cc1,1
COC1=CC(C2=NC3=CC=CC=C3C(NC4=CC=CC(Br)=C4)=N2)=CC=C1OC,1
O=C(NCc1cn(CCc2c[nH]c3ccccc23)nn1)c1cc(=O)c2c(OCc3ccc(Br)cc3)cccc2o1,1
COC1=C(OC)[C@]2(OC)c3c(OC)c(OC)c4c(c3O[C@@]23O[C@@H](c2ccccc2)CC=C3C1=O)[C@@H](O)C[C@H](c1ccccc1)O4,0
CO/C(=C\c1ccc(O)cc1)C(=O)O,0
COc1ccc2c3c([nH]c2c1)[C@H](CC(C)C)N1C(=O)[C@H](C)NC(=O)[C@@H]1C3,1
CC1=C(C(=CC=C1)Cl)NC(=O)C2=CN=C(S2)NC3=NC(=NC(=C3)N4CCN(CC4)CCO)C,0
O=C(Nc1ccccc1-c1nnn(-c2ccccc2)n1)c1cccnc1,1
O=C(/C=C/C1=CC=C(OC)C(OC)=C1)C2=C(NC(C3=CC=CS3)=O)C=C(OC)C=C2,1
O=C(OC)C1=CC=C(C(NC2=CC=C(CCN3CC(C=C(OC)C(OC)=C4)=C4CC3)C=C2)=O)C=C1NC(C5=NC(C=CC=C6)=C6C=C5)=O,1
COC1=CC(OC)=CC(/C=C/C2=CC=C(OC)C=C2)=C1,0
COc1cccc(OC)c1/C=C/C(=O)c1cn(C)c2ccccc12,1
CC1=NC2=C(C(N)=C(C(C3=CC=C(OC)C=C3)=O)S2)C(C4=CC(OC)=C(OC)C(OC)=C4)=C1C(OCCCC)=O,1
CC(C)OCc1nc(C(C)NC(=O)C(C)Sc2ccnc3cc(Cl)ccc23)no1,0
O=C(/C=C/C1=CC=C(Cl)C(Cl)=C1)C2=CC=C(C=CC=C3)C3=C2O,0
COc1cc2c(cc1OC)CN(CCc1ccc(NC(=O)c3cccc(Br)c3)cc1)CC2,0
COc1cccc(-n2nnc(-c3ccccc3NC(=O)c3ccc(NC(=O)CBr)cc3)n2)c1,1
Cc1cc(Nc2ccc3nccnc3c2)nc(-c2ccccc2)n1,1
O=C1C2=CC=C3C(C=CC=C3)=C2OC(C4=CC=C(OC)C(OC)=C4)=C1O,1
OC1=CC=C(C(/C=C/C2=CC=C(C=C2)OCC3=CC=C(C=C3Cl)Cl)=O)C=C1,0
O=C1C2=CC=CC=C2OC(OCC(NC3=C(C=CC=C4)C4=CC=C3)=O)=C1C5=CC=C(C)C=C5,0
CC1=CC(NC2=CC(Br)=CC=C2)=NC(C3=CC=CC=C3)=N1,1
COC1=CC=CC(NC2=NC(C3=CC=CC([N+]([O-])=O)=C3)=NC4=CC=CC=C42)=C1,1
N#CC(C=C1)=CC=C1NC2=NC(C3=CC=CC=C3)=NC(NC(C)C)=C2,1
COC(C=CC=C1)=C1C2=NC3=CC=CC=C3C(NC4=CC([N+]([O-])=O)=CC=C4)=N2,1
O=C1C2=C3C(C=CC=C3)=CC=C2OC(C4=CC=CC=C4)=C1OC,0
N#CC1=CN(CCC2=CC=CC=C2)C3=C1N=CN=C3N4CCN(CC5=CC=CC=C5)CC4,0
COc1cccc(-c2nc(Nc3cccc(SC)c3)c3cccnc3n2)c1,1
OC(C=C(C=C1O[C@@H](C/2)C3=CC=C(C=C3)O)O)=C1C2=N\NC4=NC=C(Br)C=C4,0
CCC(=O)Oc1ccc(/C(CC)=C(\CC)c2ccc(OC(=O)CC)cc2)cc1,0
COc1ccc(-n2nnc(-c3ccccc3NC(=O)c3ccc(C(F)(F)F)cc3)n2)cn1,1
O=C(COC1=CC=C(C(/C=C/C2=C(F)C=CC=C2F)=O)C=C1)NCC3=CC4=C(OCO4)C=C3,0
O=C(/C=C/C1=CC(OC)=CC(OC)=C1)C2=C(NC(C3=C(Cl)C=CC=C3)=O)C=C(OC)C=C2,1
CC[C@H](C)[C@@H]1[C@H](CC[C@@]2(O1)C[C@@H]3C[C@H](O2)C/C=C(/[C@H]([C@H](/C=C/C=C/4\CO[C@H]5[C@@]4([C@@H](C=C([C@H]5O)C)C(=O)O3)O)C)O[C@H]6C[C@@H]([C@H]([C@@H](O6)C)O[C@H]7C[C@@H]([C@H]([C@@H](O7)C)O)OC)OC)\C)C,0
CC1=NC2=C(C(N)=C(C(C3=CC=C(OC)C=C3)=O)S2)C(C4=CC=C(OC)C=C4)=C1C(OCCOC)=O,1
O=C(C1=CC=CC(NC2=NC(C3=CC=CN=C3)=NC4=CC=CC=C42)=C1)OC,1
O=C1C=C(OC2=C1C(OCC3=CC=CC=C3)=CC=C2)C(N4CCN(CC4)CC5=CC=CC=C5)=O,0
CC1=CC(NC2=CC=C([N+]([O-])=O)C=C2)=NC(C3=CC=CC=C3)=N1,1
O=C(/C=C/C1=CC=C(OC)C=C1)C2=CC=CC(NC3=NC=NC4=CC(OC)=C(OC)C=C43)=C2,1
O=C(NC1=CC2=C(C(OC2)=O)C=C1)COC3=CC=CC(C(/C=C/C4=CC=C(OC)C(OC)=C4)=O)=C3,0
CCOc1ccc(-n2nnc(-c3ccccc3NC(=O)c3ccccc3[N+](=O)[O-])n2)cc1,1
OC(C=C1)=C([N+]([O-])=O)C=C1NC2=NC(C3=CC=CN=C3)=NC4=CC=CC=C42,1
O=C(C1=CC=C(C(F)(F)F)C=C1)NC2=CC=CC=C2C3=NN(C4=CC=CC(OC)=C4)N=N3,0
NC(C=C1)=CC=C1CCN2CC3=CC=CC=C3CC2,0
FC(F)(F)C1=CC(NC2=NC=NC3=CC=CC=C32)=CC=C1,1
COc1ccc(CCn2c3c(c4c2-c2ccccc2C4=O)C(=O)CCC3)cc1,1
N#CC(C=C1)=CC=C1NC2=NC(C3=CC=CC=C3)=NC4=CC=CC=C42,1
COc1ccc(CCNC(=O)c2cccc3c(=O)c4ccc(OC)cc4[nH]c23)cc1,1
O=C(OC1)C2=C1C=C(NC(COC3=CC=C(C(/C=C/C4=CC=C(OCC)C=C4)=O)C=C3)=O)C=C2,0
COC(C(OC)=C1)=CC=C1C2=NC3=CC=CC=C3C(NC4=CC(C(F)(F)F)=C(OC)C=C4)=N2,1
CC1=CC(NC2=CC(C(NC3=O)=O)=C3C=C2)=NC(C4=CC=CC=C4)=N1,1
CC1=C(C(CCC1)(C)C)/C=C/C(=C/C=C/C(=C/C=C/C=C(/C=C/C=C(/C=C/C2=C(CCCC2(C)C)C)\C)\C)/C)/C,0
O=c1cc(-c2ccccc2)oc2ccccc12,0
O=C(/C=C/C1=CC=C(OC)C(OC)=C1)C(C=C2)=CC=C2NC3=NC(C4=CC=C(OC)C(OC)=C4)=NC5=CC=CC=C53,1
O=C1CCCc2c1c1c(n2CCCc2ccccc2)-c2ccccc2C1=O,1
CO/C(=C\c1cc(Br)c(O)c(Br)c1)C(=O)N/C=C/c1ccc(OC(C)=O)cc1,0
COc1ccc(-n2nnc(-c3cc(OC)ccc3NC(=O)c3ccc(C(F)(F)F)cc3)n2)cc1,1
CCC(=O)c1ccc(-c2cn(-c3ccc(CCN4CCc5cc(OC)c(OC)cc5C4)cc3)nn2)cc1NC(=O)c1cc2ccccc2o1,1
COc1ccc(-n2nnc(-c3ccccc3NC(=O)c3ccccc3)n2)cc1OC,1
COc1cccc(-n2nnc(-c3ccccc3NC(=O)Nc3ccc(N)cc3)n2)c1,1
COCCOCCOCCOc1cc2c(cc1OC)CCN(CCc1ccc(NC(=O)c3ccc(C(=O)OC)c(NC(=O)c4ccc5ncccc5c4)c3)cc1)C2,1
OC(C=C(C=C1O[C@@H](C/2)C3=CC=C(C=C3)O)O)=C1C2=N\NC(C4=CC=CS4)=O,0
O=[N+]([O-])C(C=C1)=CC=C1NC2=NC(C3=CC=CS3)=NC4=CC=CC=C42,1
CC1=C(C(OCCC2=CC=CC=N2)=O)C(C3=CC=CC=C3)C4=C(CCCC4=O)N1,0
CCCc1ccc(C(=O)Nc2ccccc2-c2nnn(-c3ccc(Oc4ccccc4)cc3)n2)cc1,0
OC1=C(O)C=CC(NC2=NC(C3=CC=CC=C3)=NC4=CC=C([N+]([O-])=O)C=C42)=C1,1
COC(=O)c1ccc(-c2ccc(CN3CCc4cc(OC)c(OC)cc4C3)cc2)cc1NC(=O)c1ccc2ccccc2n1,1
N#CC1=CC=C(NC2=NC(C3=CC=CC=C3)=NC(NCC4=CC=CC=N4)=C2)C=C1,1
O=C(/C=C/C1=CC(OC)=C(OC)C=C1)C2=CC=CC(NC3=NC(C4=CC=C(OC)C(OC)=C4)=NC5=CC=CC=C53)=C2,1
N#CC1=C(CCCCC2)N2C3=C1N=CN=C3N4CCN(C(C5=CC=CO5)=O)CC4,0
C[C@@H]1CCO[C@H]2Cn3cc(C(=O)NCc4ccc(F)cc4F)c(=O)c(O)c3C(=O)N21,0
CCN(c1ccccc1)c1cc(NCCc2nnc(C(C)C)s2)ncn1,0
COC(C=C1)=CC=C1C2=NC3=CC=CC=C3C(NC4=CC(OC)=C(OC)C=C4)=N2,1
O=C1C2=C3C(C=CC=C3)=CC=C2OC(C4=CC=CC=C4)=C1O,0
CN(c1ccc(C#N)cc1)c1nc(-c2ccccc2)nc2ccccc12,0
OC(C=C1)=C([N+]([O-])=O)C=C1NC2=NC(C3=CC=CC(C(F)(F)F)=C3)=NC4=CC=C([N+]([O-])=O)C=C42,1
O=C(C(SC1=C2C(C)=CC(C)=N1)=C2N)C3=C(OC)C=C(C=C3)OC,0
Cc1ccccc1-n1nnnc1SCC(=O)N1CCN(Cc2ccccc2)CC1,0
O=C(/C=C/C1=CC(OC)=CC(OC)=C1)C2=C(NC(C3=C(OC)C=CC=C3)=O)C=C(OC)C=C2,1
COc1ccc2c3c([nH]c2c1)[C@H](C=C(C)C)N1C(=O)[C@@H]2CCCN2C(=O)[C@@H]1C3,1
N#CC1=C(CCCCC2)N2C3=C1N=CN=C3N4CCN(CC5=CC=C(OCO6)C6=C5)CC4,0
O=C(OC1)C2=C1C=C(NC(COC3=CC=C(C(/C=C/C4=CC=C(OCC5=CC=C(Cl)C=C5)C=C4)=O)C=C3)=O)C=C2,0
O=[N+](C1=CC=C(N=C(C2=CC=CC(C(F)(F)F)=C2)N=C3NC4=CC=CC=C4)C3=C1)[O-],1
O=C(C=C(N1CCN(C)CC1)O2)C3=C2C=C(OC)C=C3OC,0
[H][C@]1(C/C2=N\N=C\C3=CC=CC(Br)=C3)[C@@]([H])(CC)CN(C)C([C@]1(C(OC)=O)[H])CC4=C2NC5=CC=CC=C54,0
C[C@@H]1C[C@@H]([C@@H]2[C@H](C[C@H]([C@@](O2)(C(=O)C(=O)N3CCCC[C@H]3C(=O)O[C@@H]([C@@H]([C@H](CC(=O)[C@@H](/C=C(/C1)\C)CC=C)O)C)/C(=C/[C@@H]4CC[C@H]([C@@H](C4)OC)O)/C)O)C)OC)OC,0
CC1=C(C(OCCCC2=CC=CC=N2)=O)C(C3=CC(F)=CC=C3)C4=C(CCCC4=O)N1,0
COc1cc2c(cc1OC)CN(CCc1ccc(NC(=O)c3ccccc3NC(=O)Nc3ccc([N+](=O)[O-])cc3)cc1)CC2,1
COC1=C(OC)[C@]2(OC)c3c(OC)c(OC)c4c(c3O[C@@]23O[C@@H](c2ccccc2)CC=C3C1=O)[C@@H](OC)C[C@H](c1ccccc1)O4,0
NC1=CC=C(N=C(C2=CC=CN=C2)N=C3NC4=CC=C(OC)C=C4)C3=C1,1
OC1=CC=C(C(/C=C/C2=CC=CO2)=O)C=C1,0
N#CC1=C(CCCC2)N2C3=C1N=CN=C3NCCC4=CC=CC=C4,0
COC1=CC2=C(C=CN=C2C=C1)C(C3CC4CCN3CC4C=C)O,0
O=C1C=C(C(N2CCN(CCC3=CC=C([N+]([O-])=O)C=C3)CC2)=O)OC4=C1C(OC)=CC(OC)=C4,0
O=C(/C=C/C1=CC=C(OC)C=C1)C2=C(O)C=CC=C2,0
O=C(C1=CC=C(Br)C=C1)O[C@@H]2[C@@]3(C)[C@H](CCC3)[C@@H]4[C@@](C(C=CC(C)=C4)=O)(C)C2,0
O=C(N(CC)CC)NC(SC1=C2CCCC1)=C2C(O)=O,0
N#CC1=CN(C2=C(OC)C=CC=C2)C3=C1N=CN=C3N4CCN(CC5=CC=CC=C5)CC4,0
C12=NC=CC=C1C(NC3=CC=CC=C3)=NC(C4=CC=CC=C4)=N2,1
O=C(C1=CC=C(OC)C=C1)NC2=CC=CC=C2C3=NN(C4=CC=C(CCC)C=C4)N=N3,1
O=[N+](C1=CC=C(N=C(C2=CC=CC(OC)=C2)N=C3NC4=CC=C(C#N)C=C4)C3=C1)[O-],1
COc1cccc(-n2nnc(-c3ccccc3NC(=O)Nc3ccc(NC(=O)CBr)cc3)n2)c1,1
O=C(Nc1ccccc1-c1nnn(-c2ccccc2)n1)C1CCCCC1,1
COc1cc(OC)c2c(c1)O[C@H](c1cc(OC)c(OC)c(OC)c1)[C@@H](OC(=O)c1ccc(F)c(NC(=O)c3ccc(OC)c(OC)c3)c1)C2,1
COc1ccc(-c2cc(=O)c3c(OC)c(OC)c(OC)c(OC)c3o2)cc1,0
NC1=CC=C(N=C(C2=CC=CC(C(F)(F)F)=C2)N=C3NC4=CC(OC)=CC=C4)C3=C1,1
S=C(N(CC)CC)NC(SC1=C2CCC1)=C2C(O)=O,0
C1=CC=C2C(=C1)C(=C(C(=O)O2)CC3=C(C4=CC=CC=C4OC3=O)O)O,0
O=[N+](C1=CC=CC(NC2=NC(C3=CC=CC(OC)=C3)=NC4=NC=CC=C42)=C1)[O-],1
O=C1C2=C(C(CN3CCOCC3)=C(C=C2O[C@@H](C1)C4=CC=C(C=C4)O)O)O,0
C1(C(C=CC=C2)=C2N3)=C3C(N4CCN(CCC5=CC=CC=N5)CC4)=NC=N1,0
COC1=C(OC)C=C(CN(CCC2=CC=C(N)C=C2)CC3)C3=C1,0
O=C(/C=C/C1=CC=CC(OC)=C1)C(C=C2)=CC=C2NC3=NC(C4=CC=CC=C4)=NC5=CC=CC=C53,1
O=C(/C1=C/C2=CN(C)C3=C2C=CC=C3)/C(CCC1)=C/C4=CN(C)C5=C4C=CC=C5,0
O=C1CC(c2c[nH]c3ccc(F)cc23)C(=O)N1,0
CCCc1ccc(C(=O)Nc2ccccc2-c2nnn(-c3ccc(O)cc3)n2)cc1,1
Fc1ccc(cc1)-c1nnc(SCC(=O)N2CCN(Cc3ccc4OCCc4c3)CC2)o1,0
CN1C[C@@H](C[C@H]2[C@H]1CC3=CN(C4=CC=CC2=C34)C)CNC(=O)OCC5=CC=CC=C5,0
FC1=CC=CC(NC2=NC(C3=CC=CC(OC)=C3)=NC4=CC=C([N+]([O-])=O)C=C42)=C1,1
CC1=CC(NC2=CC(C#N)=C(C#N)C=C2)=NC(C3=CC=CC=C3)=N1,1
CCCc1cc(=O)c2c(O)c(OC)c3cc(O)cc(OC)c3c2o1,0
COC1=CC(C2)=C(C=C1OC)CCN2CCCCOC3=NC4=CC=CC=C4C=C3,0
OCCC1=CC=C(NC(C2=C(NC(C3=CC=CC=C3N)=O)C=CC=C2)=O)C=C1,0
Cc1ccnc2sc(C(=O)N3CCN(C(=O)c4[nH]nc5ccccc45)CC3)c(C)c12,0
COC1=CC(CC2)=C(C=C1OC)CN2CC3=CSC(C4=CC=C(OC)C=C4)=N3,0
N#CC1=CN(CC2=CC=CC=C2)C3=C1N=CN=C3NCCCC4=CC=CC=C4,0
OC1=CC(O)=C2/C(C[C@H](OC2=C1)C3=CC=C(O)C=C3)=N/N=C/C4=CC(C=CC=C5)=C5N4,0
CC1=CC(NC2=CC(OCCO3)=C3C=C2)=NC(C4=CC=CC=C4)=N1,1
O=C(C1=CC=C(Br)C=C1)O[C@@H]2[C@@]3(C)[C@H](CCC3)[C@@H]4[C@@]([C@H](O)C=CC(C)=C4)(C)C2,0
O=C(/C=C/C1=CC=C(OC)C(OC)=C1)C2=C(NC(C3=C(OC)C=CC=C3)=O)C=C(OC)C(OC)=C2,1
N#CC1=C(CCCCC2)N2C3=C1N=CN=C3N4CCN(C5=CC=CC=C5)CC4,0
COc1cc(/C=C/C(=O)c2c(O)cc(OC)cc2OC)cc(OC)c1,1
O=C(Nc1ccccc1-c1nnn(-c2ccccc2)n1)c1ccc2c(c1)OCO2,1
COC1=C(OC)C=C(CN(CC2=CC(OC)=C(C3=CC=C(O)C=C3)C=C2)CC4)C4=C1,0
O=C(C=C(N1CCN(CC2=CC=C(NC(C)=O)C=C2)CC1)O3)C4=C3C=C(OC)C=C4OC,0
CCC(=O)c1ccc(-c2cn(CCO)nn2)cc1NC(=O)c1cc(=O)c2ccccc2o1,0
CC(C)(C)C1=CN=C(O1)CSC2=CN=C(S2)NC(=O)C3CCNCC3,0
CC1=C(C(OCCCC2=CC=CC=N2)=O)C(C3=CC=C(Cl)C=C3)C4=C(CCCC4=O)N1,1
COC1=CC(CC2)=C(C=C1OC)CN2CC3=COC(C4=CC=CC=C4)=N3,1
COC1=CC(OC)=CC(/C=C/C2=CC=CC=C2)=C1,0
COc1ccc(C(=O)Nc2ccc(CCN3CCc4cc(OC)c(OC)cc4C3)cc2)cc1NC(=O)c1cnc2ccccc2c1,1
COc1cc(C(=O)N2CCC3(CC2)CC(=O)c2c(cnn2C(C)C)C3)cc(-c2ccc(C(=O)O)cc2)n1,0
CC1CCc2c(c3c(n2C(C)C)-c2ccccc2C3=O)C1=O,0
O=[N+](C(C=C1)=CC=C1NC2=NC(C3=CC=CN=C3)=NC4=C2C=CC=C4)[O-],1
C1CCN(CC1)C2=NC(=NC3=C2N=C(N=C3N4CCCCC4)N(CCO)CCO)N(CCO)CCO,0
COC1=CC=CC2=C1CCCC2CCCN3CCN(C4CCCCC4)CC3,0
O=C(NC1=CC=C(CCN2CC3=CC(OC)=C(C=C3CC2)OC)C=C1)C4=C(N)C=CC=C4,0
COC1=CC=C(C=C1C(F)(F)F)NC2=NC(C3=CC=NC=C3)=NC4=C2C=CC=C4,1
O=[N+](C1=CC=C(N=C(C2=CC=NC=C2)N=C3NC4=CC(C#N)=CC=C4)C3=C1)[O-],1
N#CC1=CN(C2=CC=C(OCC)C=C2)C3=C1N=CN=C3N4CCN(CC5=CC=CC=C5)CC4,0
N#CC1=CN(CCC2=CC=CC=C2)C3=C1N=CN=C3N4CCN(CC5=CC=C(OCO6)C6=C5)CC4,0
O=C(C=C(N1CCN(CC2=CC=CC=C2)CC1)O3)C4=C3C=C(OC)C=C4OC,0
IC1=CC=CC(NC2=NC(C3=CC=CC=C3)=NC4=C2C=CC=C4)=C1,1
COc1ccc2[nH]c3ccccc3c(=O)c2c1OC,0
COc1ccc(Cl)cc1C(=O)NCCc1ccc(S(=O)(=O)NC(=O)NC2CCCCC2)cc1,0
[H][C@]1(C/C2=N\N=C\C3CCCC3)[C@]([H])(CC)CN(C)C([C@]1(C(OC)=O)[H])CC4=C2NC5=CC=CC=C54,0
COC1=C(C=C2C(=C1O)C(=O)C=C(O2)C3=CC=C(C=C3)O)O,0
O=C(/C=C/C1=CC=C(OC)C(OC)=C1)C2=C(NC(C3=C(Cl)C=CC=C3)=O)C=C(OC)C=C2,1
O=[N+](C(C=C1)=CC=C1NC2=NC(C3=CC=CC=C3)=NC4=CC=CC=C42)[O-],1
FC(C=C1)=CC=C1NC2=NC(C3=CC=CC(OC)=C3)=NC4=NC=CC=C42,1
CCC(=O)c1ccc(-c2cn(-c3ccc(CCN4CCc5cc(OC)c(OC)cc5C4)cc3)nn2)cc1NC(=O)c1cccc([N+](=O)[O-])n1,1
COC1=C(OC)C=C(CN(CC2=CC=C(C3=CC(OC)=C(O)C=C3)C=C2)CC4)C4=C1,0
CC(C)C(CCCN(C)CCC1=CC(=C(C=C1)OC)OC)(C#N)C2=CC(=C(C=C2)OC)OC,1
COCCOCCOCCOc1cc2c(cc1OC)CCN(CCc1ccc(NC(=O)c3ccc(C(=O)O)c(NC(=O)c4ccc5ccccc5n4)c3)cc1)C2.O=C(O)C(F)(F)F,0
S=C(N(CC)CC)NC(SC1=C2CCCC1)=C2C(O)=O,0
FC1=CC=CC(NC2=NC(C3=CC=CC=C3)=NC4=C2C=CC=C4)=C1,1
COC1=C(C=C(C2=C1)N=CN=C2NC3=CC([N+]([O-])=O)=CC=C3)OC,1
O=c1c2ccccc2[nH]c2cccc(O)c12,0
N#CC(C=C1)=CC=C1NC2=NC(C3=CC=CC=C3)=NC(C4=CC=CC=C4)=C2,0
COC1=CC(CC2)=C(C=C1OC)CN2CC3=COC(C4=CC=C(O)C=C4)=N3,0
CN(C)C(=O)CCSC(C1=CC=CC(=C1)C=CC2=NC3=C(C=CC(=C3)Cl)C=C2)SCCC(=O)O,0
CCOc1ccc(-n2nnc(-c3ccccc3NC(=O)c3ccc(OC)cc3)n2)cc1,1
CC1=NC2=C(C(C3=CC(OC)=C(C(OC)=C3)OC)=C1C(OC)=O)C(N)=C(S2)C(C4=CC=C(C(OC)=C4)OC)=O,0
O=C1c2c(O)ccc(O)c2C(=O)c2c(NCCNCCO)ccc(NCCNCCO)c21,1
COc1ccc(-c2nnc(-c3ccccc3NC(=O)c3ccc(C(F)(F)F)cc3)o2)cc1,1
OC(C=C(C=C1O[C@@H](C/2)C3=CC=C(C=C3)O)O)=C1C2=N\NC(N(C)C)=S,0
CC1=C(C(OCCCC2=CC=CC=N2)=O)C(C3=CC([N+]([O-])=O)=CC=C3)C4=C(CCCC4=O)N1,0
CC1=CC(NC2=CC(C(F)(F)F)=C(OC)C=C2)=NC(C3=CC=CC=C3)=N1,1
ClC1=CC(C2=NC(CN3CCN(C4CCCCC4)CC3)=CO2)=CC=C1,0
COC1=CC(C2=NC3=NC=CC=C3C(NC4=CC(C(F)(F)F)=CC=C4)=N2)=CC=C1,1
O=C(C1=CC(OC)=C(OC)C(OC)=C1)OC[C@H](C)CN(C)CCCCCOC(/C=C/C2=CC(OC)=C(OC)C(OC)=C2)=O,0
CC1=NC2=C(C(C3=CC=CC=C3)=C1C(OCC)=O)C(N)=C(S2)C(C4=CC=C(C=C4)OC)=O,0
C[C@@]1(C(=O)Nc2ccc(F)nc2)CCCN1c1nc(Nc2cc(C3CC3)n[nH]2)c2cccn2n1,0
O=C(NC1=CC2=C(C(OC2)=O)C=C1)COC3=CC=C(C(/C=C/C4=CC=CO4)=O)C=C3,0
COCCOc1cc2c(cc1OC)CCN(CC(=O)c1ccc(C)c(NC(=O)c3ccc4ccccc4n3)c1)C2,0
O=C(CC)C1=CC=C(C2=CN(C3=CC=C(CCN4CC(C=C(OC)C(OC)=C5)=C5CC4)C=C3)N=N2)C=C1NC(C6=NC(C=CC=C7)=C7C=C6)=O,1
COc1cc(O)c(C(=O)/C=C/c2c(OC)cccc2OC)c(OC)c1,1
N#CC(C=C1)=CC=C1NC2=NC(C3=CC=CC=C3)=NC(NCCCC)=C2,1
O=C(c1ccccc1)N1CCc2c([nH]c3ccccc23)C1c1ccc(Br)cc1,1
COC(C=C1)=CC=C1/C=C/C2=CC=CC=C2,0
O=C(/C=C/C1=CC=C(Cl)C(Cl)=C1)C2=C(O)C=C(OC)C=C2,0
O=C(/C1=C/C2=NC=CN2C)/C(CCC1)=C/C3=NC=CN3C,0
O=[N+](C1=CC(NC2=NC(C3=CC=CC=N3)=NC4=C2C=CC=C4)=CC=C1)[O-],1
N#CC1=CC(NC2=NC(C3=CN=CC=C3)=NC4=C2C=CC=C4)=CC=C1,1
COc1ccc([C@@H]2CC(=O)c3c(O)cc(O)c(CC=C(C)C)c3O2)cc1,0
CCC(=O)c1ccc(-c2cn(CCN3CCOCC3)nn2)cc1NC(=O)c1cc(=O)c2ccccc2o1,1
COC1=CC(C2=NC3=CC=CC=C3C(NC4=CC=C(OC)C(OC)=C4)=N2)=CC=C1OC,1
COC1=CC=C(C2=NC(CN3CCN(C4CCCCC4)CC3)=CO2)C=C1,0
C#CC1=CC=CC(NC2=NC(C3=CC=CC=C3)=NC4=CC=CC=C42)=C1,1
N#CC1=CC=C(NC2=NC(C3=CC=CC=C3)=NC(NCC4=CC=NC=C4)=C2)C=C1,1
FC(F)(F)c1cccc(Oc2nc(-c3ccccc3)nc3ccccc23)c1,1
N#CC1=C(CCCC2)N2C3=C1N=CN=C3NCC4=CC=CC=C4,0
CC1=NC2=C(C(C3=CC=C(C=C3)OC)=C1C(OCC)=O)C(N)=C(O2)C(C4=CC(OC)=C(C(OC)=C4)OC)=O,0
COc1cc(O)c2c(=O)c(OC)c(-c3ccc(O)c(OC)c3)oc2c1,0
O=C(C1=CC=C([N+]([O-])=O)C=C1)NC2=CC=CC=C2C3=NN(C4=CC=C(OCC)C=C4)N=N3,0
CSCC[C@H](NC(=O)OC(C)(C)C)C(=O)O[C@H]1CC[C@@]2(C)[C@@H](CC[C@]3(C)[C@@H]2C[C@@H](O)[C@@H]2[C@@H]([C@]4(C)CC[C@H](C(C)(C)O)O4)CC[C@]23C)C1(C)C,1
O=C1C2=C3C(C=CC=C3)=CC=C2OC(C4=CC=C(OC)C(OC)=C4)=C1,1
O=C(C1=C(NC(C2=CC=CC=C2)=O)C=CC=C1)NC(C=C3)=CC=C3CCN4CCC(C=CC=C5)=C5C4,0
O=[N+](C1=CC(NC2=NC(C3=CC=CN=C3)=NC4=C2C=CC=C4)=CC=C1)[O-],1
FC(F)(F)C1=CC=CC(NC2=NC(C3=CC=CC([N+]([O-])=O)=C3)=NC4=CC=CC=C42)=C1,0
COc1cccc(CCn2c3c(c4c(OCCOc5ccc6c(c5)-c5c(c7c(n5CCc5ccccc5)CC(C)CC7=O)C6=O)cccc42)C(=O)c2ccccc2-3)c1,1
CC1=CC(NC2=CC(C(O)=O)=C([N+]([O-])=O)C=C2)=NC(C3=CC=CC=C3)=N1,0
COc1cc(C(F)(F)F)cc2[nH]c3ccccc3c(=O)c12,1
[H][C@]1(C/C2=N\N=C\C3=CC=C([N+]([O-])=O)C=C3)[C@]([H])(CC)CN(C)C([C@]1(C(OC)=O)[H])CC4=C2NC5=CC=CC=C54,0
COc1cc2c(cc1OC)CN(CCc1ccc(NC(=O)c3ccccc3Br)cc1)CC2,0
O=C(C1=CC=C([N+]([O-])=O)C=C1)NC2=CC=CC=C2C3=NN(C4=CC=C(CCC)C=C4)N=N3,1
[H][C@]1(C/C2=N\N=C\C(C)(C)C)[C@]([H])(CC)CN(C)C([C@]1(C(OC)=O)[H])CC3=C2NC4=CC=CC=C43,0
BrC1=CC(C2=NC(CN3CCN(C4CCCCC4)CC3)=CO2)=CC=C1,0
COc1ccc(-n2nnc(-c3ccccc3NC(=O)c3cccc4ccccc34)n2)cc1,1
O=c1c(O)c(-c2ccc(O)cc2O)oc2cc(O)cc(O)c12,0
COc1ccc(NC(=O)Nc2ccccc2-c2nnn(-c3ccc(OC)cc3)n2)cc1,1
O=C(OC)C1=CC=C(C2=CN(C3=CC=C(CN4CC(C=C(OC)C(OC)=C5)=C5CC4)C=C3)N=N2)C=C1NC(C6=NC(C=CC=C7)=C7C=C6)=O,1
N#CC1=C(CCCC2)N2C3=C1N=CN=C3NCCC4=CNC5=C4C=CC=C5,0
N#CC(C=C1)=CC=C1NC2=NC(C3=CC=CC=C3)=NC(NC)=C2,1
COc1cccc(CCn2c3c(c4c(OCCCCCCCCCCOc5ccc6c(c5)-c5c(c7c(n5CCc5ccccc5)CC(C)CC7=O)C6=O)cccc42)C(=O)c2ccccc2-3)c1,0
[H][C@]1(C/C2=N\N=C\C3=CC=CN3)[C@@]([H])(CC)CN(C)C([C@]1(C(OC)=O)[H])CC4=C2NC5=CC=CC=C54,0
CC(C)C[C@H]1c2[nH]c3ccccc3c2C[C@H]2C(=O)N[C@@H](CCC(=O)O)C(=O)N21,1
COc1ccc(-n2nnc(-c3ccccc3NC(=O)Nc3ccc([N+](=O)[O-])cc3)n2)cc1,1
COc1ccc(-n2nnc(-c3ccccc3NC(=O)c3cnc4ccccc4c3)n2)cc1,1
CCc1c2c(nc3ccc(O)cc13)-c1cc3c(c(=O)n1C2)COC(=O)[C@]3(O)CC,1
COC1=CC=C(C=C1OC)NC2=NC(C3=CC=NC=C3)=NC4=C2C=CC=C4,1
CN(C)C(=O)C1=CC2=CN=C(N=C2N1C3CCCC3)NC4=NC=C(C=C4)N5CCNCC5,0
O=C(/C1=C/C2=CC=CN=C2)/C(CCC1)=C/C3=CC=CN=C3,0
S=C(NC1=C(C(O)=O)C=CS1)N(C)C2CCCCC2,0
COC(=O)c1ccc(Br)cc1NC(=O)c1cc(=O)c2ccccc2o1,1
[H][C@]1(C/C2=N\N=C\C3=CC=C(C)C=C3)[C@@]([H])(CC)CN(C)C([C@]1(C(OC)=O)[H])CC4=C2NC5=CC=CC=C54,0
CC1CC(=O)c2c3c(n(CCc4ccccc4)c2C1)-c1cc(OCCCCOc2ccc4c(c2)-c2c(c5c(n2CCc2ccccc2)CC(C)CC5=O)C4=O)ccc1C3=O,1
O=C(COC1=CC=C(C(/C=C/C2=CC=C(OC)C=C2)=O)C=C1)NCC3=CC4=C(OCO4)C=C3,0
NC1=CC=C(N=C(C2=CC=CC(C(F)(F)F)=C2)N=C3NC4=CC(O)=CC=C4)C3=C1,1
COC1=C(OC)C=C(CN(CC2=CC=C(C3=C(F)C=C(O)C=C3)C=C2)CC4)C4=C1,0
CCC(=O)c1ccc(-c2cn(-c3ccc(CCN4CCc5cc(OC)c(OC)cc5C4)cc3)nn2)cc1NC(=O)c1ccc2c(n1)CCCC2,1
COc1ccccc1CCn1c2c(c3c1-c1ccccc1C3=O)C(=O)CCC2,1
COC1=CC(C2=NC3=CC=CC=C3C(NC4=CC=CC=C4O)=N2)=CC=C1OC,1
COC1=CC(C2=NC3=NC=CC=C3C(NC4=CC=C(C#N)C=C4)=N2)=CC=C1,1
CCC(=O)c1ccc(-c2cn(-c3ccc(CCN4CCc5cc(OC)c(OC)cc5C4)cc3)nn2)cc1NC(=O)c1ccc(OC)cn1,1
CC/C(=C(/c1ccc(OCCN(C)C)cc1)c1ccc(OCc2ccccc2)cc1)c1ccccc1,0
O=C(/C=C/C1=CC=CC(OC)=C1)C(C=C2)=CC=C2NC3=NC(C4=CC=C(OC)C(OC)=C4)=NC5=CC=CC=C53,1
O=C(/C=C/C1=CC(OC)=CC(OC)=C1)C2=C(OC(C3=CC=CS3)=O)C=C(OC)C=C2,1
C[C@@]12C[C@H](OC(C3=CC=C(Br)C=C3)=O)[C@@]4(C)[C@H](CCC4)[C@@H]1C[C@@]5(C)CC[C@@H]2O5,0
N#CC1=CC=CC(NC2=NC(C3=CC=CN3)=NC4=CC=CC=C42)=C1,1
O=C(Nc1ccccc1-c1nnn(-c2ccccc2)n1)c1ccncc1,1
O=C(C=C(N1CCN(CC2=CC=C(F)C(F)=C2)CC1)O3)C4=C3C=C(OC)C=C4OC,0
COc1ccc(-n2nnc(-c3ccc(NC(=O)c4ccc(C(F)(F)F)cc4)cc3)n2)cc1,0
COC(=O)c1cccc(COc2c(-c3ccc(OCCOCCn4cc(COCc5cn(CCOCCOc6ccc(-c7oc8ccccc8c(=O)c7OCc7cccc(C(=O)OC)c7)cc6)nn5)nn4)cc3)oc3ccccc3c2=O)c1,1
COC1=CC(CN(CC2=CC=C(C3=CC=C(OCCF)C=C3)C=C2)CC4)=C4C=C1OC,0
OC1=CC=CC(NC2=NC(C3=CC=CN=C3)=NC4=NC=CC=C42)=C1,0
COC1=CC(CN(CC2=COC(C3=CC=C(F)C=C3)=N2)CC4)=C4C=C1OC,0
COc1cccc(-n2nnc(-c3ccccc3NC(=O)Nc3cccc([N+](=O)[O-])c3)n2)c1,1
N#CC(C=C1)=CC=C1NC2=NC(C3=CC=CC=C3)=NC(NCCC)=C2,1
O=C1CC(c2ccccc2)Cc2c1c1c(n2Cc2ccccc2)-c2ccccc2C1=O,1
N#CC1=CN(CCCC2=CC=CC=C2)C3=C1N=CN=C3N4CCN(CC5=CC=CC=C5)CC4,0
O=C(/C1=C/C2=CC=CN2C)/C(CCC1)=C/C3=CC=CN3C,0
COC1=CC(CCN(CCC2=CC=C(NC/C=C/C3=CC(OC)=C(OC)C(OC)=C3)C=C2)C4)=C4C=C1OC,0
O=C(/C=C/C1=CC=C(OC)C(OC)=C1)C(C=C2)=CC=C2NC3=NC(C4=CC=CC=C4)=NC5=CC=CC=C53,1
OC1=CC=CC(NC2=NC(C3=CC=CC(C(F)(F)F)=C3)=NC4=CC=C([N+]([O-])=O)C=C42)=C1,1
O=C(c1ccccc1)N1CCc2c([nH]c3ccccc23)C1c1cccc([N+](=O)[O-])c1,0
O=C(OC)C1=CC=C(C2=CN(C3=CC=C(CN4CC(C=C(OCCOCCOCCOC)C(OC)=C5)=C5CC4)C=C3)N=N2)C=C1NC(C6=NC(C=CC=C7)=C7C=C6)=O,1
N#CC1=C(CCCCC2)N2C3=C1N=CN=C3N4CCN(CCC5=CNC6=C5C=CC=C6)CC4,0
[H][C@]1(C/C2=N\N=C\C(C)(C)C)[C@@]([H])(CC)CN(C)C([C@]1(C(OC)=O)[H])CC3=C2NC4=CC=CC=C43,0
O=C(NC1=C(N)C=CC=C1)NC(C=C2)=CC=C2CCN3CC4=CC(OC)=C(OC)C=C4CC3,0
N#CC1=CN(CC)C2=C1N=CN=C2N3CCN(CCC4=CC=CC=C4)CC3,0
Cc1cc(-c2noc(CNS(=O)(=O)c3ccc(Cl)s3)n2)nc2ccccc12,0
CC(C)C[C@H]1C2=C(C[C@@H]3N1C(=O)[C@@H](NC3=O)CCC(=O)OC(C)(C)C)C4=C(N2)C=C(C=C4)OC,1
COc1cccc(CCn2c3c(c4c(OCCCCCCCCOc5cccc6c5c5c(n6CCc6cccc(OC)c6)-c6ccccc6C5=O)cccc42)C(=O)c2ccccc2-3)c1,0
N#CC1=CC(C2=NC3=CC=CC=C3C(NC4=CC(NC(C)=O)=CC=C4)=N2)=CC=C1,1
CCn1c2c(c3ccccc31)CCN(C(=O)c1ccccc1)C2c1ccccc1,0
CC/C(=C(/CC)c1ccc(O)cc1)c1ccc(O)cc1,1
COc1ccc(C(=O)Nc2ccccc2-c2nnn(-c3ccc(SC)cc3)n2)cc1,1
O=C(/C=C/C1=CC=C(Cl)C=C1)C2=CC=C(C=CC=C3)C3=C2O,0
CC1CC(=O)c2c3c(n(CCc4ccccc4)c2C1)-c1cc(OCCOc2ccc4c(c2)-c2c(c5c(n2CCc2ccccc2)CC(C)CC5=O)C4=O)ccc1C3=O,1
O=[N+](C1=CC=C(N=C(C2=CC=CC(C(F)(F)F)=C2)N=C3NC4=CC([N+]([O-])=O)=CC=C4)C3=C1)[O-],1
CC1=NC2=C(C(N)=C(C(C3=CC=C(OC)C=C3)=O)S2)C(C4=CC(OC)=C(OC)C(OC)=C4)=C1C(OCCOC)=O,1
O=C1C=C(C(N2CCN(CC3=CC=C([N+]([O-])=O)C=C3)CC2)=O)OC4=C1C(O)=CC(OC)=C4,0
O=C(C1=CC=C(OCC(NC(C=C2)=CC3=C2C(OC3)=O)=O)C=C1)/C=C/C4=CC=C(OC)C=C4,0
O=[N+](C1=CC=CC(NC2=NC(C3=CC=CN=C3)=NC4=NC=CC=C42)=C1)[O-],0
CSc1ccc(-n2nnc(-c3ccccc3NC(=O)c3ccc(C(F)(F)F)cc3)n2)cc1,0
COCCOCCOCCOc1cc2c(cc1OCCOCCOCCOC)CN(CCc1ccc(-c3ccc(C(=O)OC)c(NC(=O)c4ccc5ccccc5n4)c3)cc1)CC2,1
O=C(C1=CC=CC=C1[N+]([O-])=O)NC(C=C2)=CC=C2CCN3CC4=CC=CC=C4CC3,0
CCC(=O)c1ccc(-c2cn(-c3ccc(CCN4CCc5cc(OC)c(OC)cc5C4)cc3)nn2)cc1NC(=O)c1cccc(O)n1,1
O=C(/C=C/C1=CC=CC=C1Cl)C2=CC=C(C=CC=C3)C3=C2O,0
O=C(/C=C/C1=CC=C(OC)C(OC)=C1)C2=C(NC(C3=CC(OC)=CC=C3)=O)C=CC=C2,1
N#CC1=C(CCCC2)N2C3=C1N=CN=C3N4CCN(C(C5=CC=CO5)=O)CC4,0
COc1cccc(CCn2c3c(c4c(OCCCCCCCCOc5ccc6c(c5)-c5c(c7c(n5CCc5ccccc5)CC(C)CC7=O)C6=O)cccc42)C(=O)c2ccccc2-3)c1,1
O=C(/C=C/C1=CC=C(OC)C(OC)=C1)C2=C(NC(C3=C(OC)C=CC=C3)=O)C=CC=C2,1
O=C1C2=CC=C(OC)C=C2OC(C3=CC=C(OC)C=C3)=C1O,0
CC1=NC2=C(C(N)=C(C(C3=CC=C(OC)C=C3)=O)S2)C(C4=CC(OC)=C(OC)C(OC)=C4)=C1C(OCCOCCC)=O,1
COc1ccc(C(=O)Nc2ccccc2-c2nnn(-c3ccccc3)n2)cc1OC,1
O=C(/C1=C/C2=CC=NC=C2)/C(CN(C)C1)=C/C3=CC=NC=C3,0
CC1=CC(NC2=CC(OC)=C(Br)C=C2)=NC(C3=CC=CC=C3)=N1,1
COC(C(OC)=C1)=CC=C1C2=NC3=CC=CC=C3C(NC4=CC([N+]([O-])=O)=C(O)C=C4)=N2,1
N#CC1=CN(C2CC2)C3=C1N=CN=C3N4CCN(CCC5=CC=CC=C5)CC4,0
COc1ccc([C@@H]2Sc3ccccc3N(CCN(C)C)C(=O)[C@@H]2OC(C)=O)cc1,0
O=C(C=C(N1CCN(CC2=CC=C(OC)C=C2)CC1)O3)C4=C3C=C(OC)C=C4OC,0
COc1cccc(-n2nnc(-c3ccccc3NC(=O)c3ccc(N)cc3)n2)c1,1
COC1=CC(CC2)=C(C=C1OC)CN2CC3=COC(C4=CC=CC(Br)=C4)=N3,1
OCC1=CC=CC(NC2=NC(C3=CC=NC=C3)=NC4=CC=CC=C42)=C1,1
COC1=C(OC)C=C(CN(CCC2=CC=C([N+]([O-])=O)C=C2)CC3)C3=C1,0
O=C(/C=C/C1=CC=C(OC)C(OC)=C1)C2=C(NC(C3=C(OC)C=CC=C3)=O)C=C(OC)C=C2,1
O=[N+](C1=CC=C(N=C(C2=CC=CC=C2)N=C3NC4=CC(NC(C)=O)=CC=C4)C3=C1)[O-],1
COc1ccc(C(=O)Nc2ccccc2-c2nnn(-c3ccc(OC)cc3)n2)cc1,1
COC1=CC(CCN(CCC2=CC=C(OC(C3=CC(OC)=C(OC)C(OC)=C3)=O)C=C2)C4)=C4C=C1OC,0
O=C(C=C(N1CCN(CC2=CC=CC([N+]([O-])=O)=C2)CC1)O3)C4=C3C=C(OC)C=C4OC,0
O=C(NC1=CC=C(N)C=C1)NC(C=C2)=CC=C2CCN3CC4=CC(OC)=C(OC)C=C4CC3,0
CO/C(=C\c1ccc(O)cc1)C(=O)NCCc1ccc(O)cc1,0
N#CC1=CN(CCC2=CC=CC=C2)C3=C1N=CN=C3N4CCN(CCC5=CC=CC=C5)CC4,0
CC(C(C)O)N1C(=O)N(C=N1)C2=CC=C(C=C2)N3CCN(CC3)C4=CC=C(C=C4)OCC5COC(O5)(CN6C=NC=N6)C7=C(C=C(C=C7)Cl)Cl,0
O=C(N1CCN(Cc2cccs2)CC1)c1cn(Cc2ccccc2)nc1-c1cccnc1,0
COc1ccc(-n2nnc(-c3ccccc3NC(=O)c3cccs3)n2)cc1,1
COC1=CC(CCN(CCC2=CC=C(OC(C(C3=CC=C(OC)C=C3)C4=CC=C(OC)C=C4)=O)C=C2)C5)=C5C=C1OC,0
COC(C(OC)=C1)=CC=C1C2=NC3=CC=CC=C3C(NC4=CC(OC)=CC=C4)=N2,1
O=C(/C=C/c1ccc(O)cc1)N/C=C/c1ccc(O)cc1,0
O=C(/C=C/C1=CC=CC(OC)=C1)C(C=C2)=CC=C2NC3=NC=NC4=CC=CC=C43,1
COC(=O)c1ccc(C(=O)Nc2ccc(CCN3CCc4cc(OC)c(OC)cc4C3)cc2)cc1NC(=O)c1cnc2ccccc2c1,1
COc1c2c(c3c(c1OC)[C@@]1(OC)C4=C(C(=O)[C@H](OC)[C@@]1(OC)O3)[C@H](OC)C[C@@H](c1ccccc1)O4)[C@H](O)C[C@@H](c1ccccc1)O2,0
O=C(/C=C/C1=CC(OC)=CC=C1)C2=CC=CC(NC3=NC(C4=CC=C(OC)C(OC)=C4)=NC5=CC=CC=C53)=C2,1
O=C(/C1=C/C2=CC=CN=C2F)/C(CCC1)=C/C3=CC=CN=C3F,0
OC(C=C(C=C1O[C@@H](C/2)C3=CC=C(C=C3)O)O)=C1C2=N\NC4=CC=CC=C4,0
O=C(C)NC1=CC=CC(NC2=NC(C3=CC=CS3)=NC4=CC=CC=C42)=C1,1
N#Cc1ccccc1CN1CCC(Cc2nncn2-c2ccccc2)CC1,0
O=C(Nc1nc(-c2ccccc2)nc2ccccc12)c1cccc([N+](=O)[O-])c1,1
CC1=CC(NC2=CC(O)=CC=C2)=NC(C3=CC=CC=C3)=N1,1
C1CC(CCC1C2=CC=C(C=C2)Cl)C3=C(C4=CC=CC=C4C(=O)C3=O)O,1
CC1=C(C(OCCC2=CC=CC=N2)=O)C(C3=CC([N+]([O-])=O)=CC=C3)C4=C(CCCC4=O)N1,0
CC(C)n1c2c(c3c1-c1ccccc1C3=O)C(=O)C(Cc1ccccc1)(Cc1ccccc1)CC2,1
CC1=C(C(OCCC2=CC=CC=N2)=O)C(C3=CC=C(OC)C=C3)C4=C(CCCC4=O)N1,0
COC1=C(OC)C=C(CN(CC2=C(OC)C=C(C3=CC=C(O)C=C3)C=C2)CC4)C4=C1,0
COC(=O)c1cccc(COc2c(-c3ccc(OCCOCCn4cc(CCCc5cn(CCOCCOc6ccc(-c7oc8ccccc8c(=O)c7OCc7cccc(C(=O)OC)c7)cc6)nn5)nn4)cc3)oc3ccccc3c2=O)c1,1
O=C(Nc1ccccc1-c1nnn(-c2ccccc2)n1)c1cnc2ccccc2c1,1
N#CC1=C(CCCC2)N2C3=C1N=CN=C3N4CCN(CC5=CC=C(OCO6)C6=C5)CC4,0
COC1=CC(CCN(CCC2=CC=C(NC(C(C3=C4C=CC=C3)C5=C4C=CC=C5)=O)C=C2)C6)=C6C=C1OC,0
COc1ccc(C(=O)Nc2ccccc2-c2nnn(-c3ccc(OC)nc3)n2)cc1,1
O=C(C(C)C)C1=CC=C(C2=CN(C3=CC=C(CCN4CC(C=C(OC)C(OC)=C5)=C5CC4)C=C3)N=N2)C=C1NC(C6=NC(C=CC=C7)=C7C=C6)=O,1
O=C(NC1=CC2=C(C(OC2)=O)C=C1)COC3=C(C4=CC=CS4)OC5=C(C=CC=C5)C3=O,0
COC(C(OC)=C1)=CC=C1C2=NC3=CC=CC=C3C(NC4=CC(C#N)=CC=C4)=N2,1
CN(CCc1c[nH]c2ccccc12)C(=O)c1cc(=O)c2c(OCc3ccc(Br)cc3)cccc2o1,0
COC(C=C1)=C(OC)C=C1NC2=NC(C3=CC=CS3)=NC4=CC=CC=C42,1
CC(C)=CCC/C(C)=C/Cc1c(O)cc(O)c2c1O[C@H](c1ccc(O)cc1)CC2=O,0
O=C(/C=C/C1=CC=CC=C1)C2=C(O)C=C(OC)C=C2,0
CC1(C)[C@H]2[C@@H](OC(C3=CC=CC=C3)=O)[C@]4(O1)[C@H](C)CC(OC(C5=CN=CC=C5)=O)[C@@H](OC(C)=O)[C@]4(COC(C)=O)C(OC(C6=CC=CC=C6)=O)C2,0
FC1=CC=CC(NC2=NC(C3=CC=CS3)=NC4=CC=CC=C42)=C1,1
OC1=CC=C(C(/C=C/C2=CC=C(C=C2)OCC3=CC=C(C=C3)Cl)=O)C=C1,0
COc1cccc(CCn2c3c(c4c(OCCCCOc5ccc6c(c5)-c5c(c7c(n5CCc5ccccc5)CC(C)CC7=O)C6=O)cccc42)C(=O)c2ccccc2-3)c1,1
COC1=CC(CCN(CCCC2C(C=CC=C3OCCF)=C3CCC2)C4)=C4C=C1OC,0
N#CC1=CN(CCC)C2=C1N=CN=C2N3CCN(CCC4=CNC5=C4C=CC=C5)CC3,0
O=C(/C=C/C1=CC(OC)=CC=C1)C2=CC=CC(NC3=NC(C4=CC=CC=C4)=NC5=CC=CC=C53)=C2,1
N#Cc1ccc(Nc2cc(NCCCCc3ccccc3)nc(-c3ccccc3)n2)cc1,1
CC1CC(=O)c2c3c(n(Cc4ccccc4)c2C1)-c1ccccc1C3=O,0
COC1=C(OC)C=C(CN(CC2=C(F)C=C(C3=CC=C(O)C=C3)C=C2)CC4)C4=C1,0
CCC(=O)c1ccc(-c2cn(-c3ccc(CCN4CCc5cc(OC)c(OC)cc5C4)cc3)nn2)cc1NC(=O)c1cccc(C)n1,1
CC1=CC(NC2=CC(Cl)=C([N+]([O-])=O)C=C2)=NC(C3=CC=CC=C3)=N1,1
O=C(NC1=CC2=C(C(OC2)=O)C=C1)COC3=C(C4=CC=C(OC)C=C4)OC5=C(C=CC=C5)C3=O,0
CC1=CC(NC2=CC(OC)=CC=C2)=NC(C3=CC=CC=C3)=N1,1
O=C(NC1=CC2=C(C(OC2)=O)C=C1)COC3=CC=C(C(/C=C/C4=C(F)C=CC=C4F)=O)C=C3,0
O=C(C1=CC=C(C(F)(F)F)C=C1)NC2=CC=CC=C2C3=NN(C4=CC=C(CCC)C=C4)N=N3,0
O=C(/C=C/C1=CC(OC)=CC(OC)=C1)C2=C(NC(C3=C(C=CC=C4)C4=CC=C3)=O)C=C(OC)C=C2,1
CC(=O)[C@H]1CC[C@H]2[C@@H]3CCC4=CC(=O)CC[C@]4(C)[C@H]3CC[C@]12C,0
COCCOCCOCCOc1cc2c(cc1OC)CCN(CCc1ccc(-c3ccc(C(=O)OC)c(NC(=O)c4ccc5ccccc5n4)c3)cc1)C2,1
CC1=CC(NC2=CC(C#N)=CC=C2)=NC(C3=CC=CC=C3)=N1,1
CC1=CC(NC2=CC=CC=C2)=NC(C3=CC=CC=C3)=N1,1
O=C(Nc1ccccc1-c1nnn(-c2ccccc2)n1)c1ccccc1[N+](=O)[O-],1
COc1ccc2[nH]cc(CCNC(=O)c3cc(=O)c4ccc(OCc5ccc(Br)cc5)cc4o3)c2c1,1
OC1=CC=CC(NC2=NC(C3=CC=CC(OC)=C3)=NC4=NC=CC=C42)=C1,1
CC1=CC(NC2=CC([N+]([O-])=O)=CC=C2)=NC(C3=CC=CC=C3)=N1,1
COC(C=C1)=C(OC)C=C1NC2=NC(C3=CC=CC=C3)=NC4=C2C=CC=C4,1
O=C(C1=CC=CC(NC2=NC(C3=CC=NC=C3)=NC4=CC=CC=C42)=C1)OC(C)(C)C,1
O=C(NCc1cn(Cc2ccccc2)nn1)c1cc(=O)c2c(OCc3ccc(Br)cc3)cccc2o1,1
O=C(Nc1ccccc1-n1cc(-c2ccccc2)nn1)c1ccccc1,0
COc1cc2c(cc1OC)CN(CCc1ccc(NC(=O)c3ccnc4ccccc34)cc1)CC2,0
N#CC1=CC(NC2=NC(C3=NC=CC=C3)=NC4=C2C=CC=C4)=CC=C1,1
NC1=CC=C(N=C(C2=CC=CN=C2)N=C3NC4=CC(OC)=CC=C4)C3=C1,1
COc1ccc(-c2cn(-c3ccccc3NC(=O)c3ccc(C(F)(F)F)cc3)nn2)cc1,1
O=C(C=C(N1CCN(CC2=CC=C(C#N)C=C2)CC1)O3)C4=C3C=C(OC)C=C4OC,0
[H][C@]1(C/C2=N\N=C\C3=CC=C(C)C=C3)[C@]([H])(CC)CN(C)C([C@]1(C(OC)=O)[H])CC4=C2NC5=CC=CC=C54,0
COc1ccc(C(=O)N2CCc3c([nH]c4ccccc34)C2c2cccc(Cl)c2)cc1,1
COC(C=C1)=CC=C1NC2=NC(C3=CC=CC=C3)=NC4=NC=CC=C42,1
COc1cccc(CCn2c3c(c4c(OCCCCCCCCCCCCOc5ccc6c(c5)-c5c(c7c(n5CCc5ccccc5)CC(C)CC7=O)C6=O)cccc42)C(=O)c2ccccc2-3)c1,0
O=C1C2=C(OC)C=C(OC)C=C2OC(C3=CC=C(OC)C(OC)=C3)=C1OC,1
COc1ccc(Nc2nc(-c3ccncc3)nc3ccc([N+](=O)[O-])cc23)cc1,1
N#CC1=CN(CC2=CC=CC=C2)C3=C1N=CN=C3N4CCN(CCC5=CC=CC=C5)CC4,0
O=C(NC1=CC2=C(C(OC2)=O)C=C1)COC3=CC=C(C(/C=C/C4=CC=CC=C4)=O)C=C3,0
COc1ccc2[nH]cc(CCNC(=O)c3cc(=O)c4c(OCc5ccccc5)cccc4o3)c2c1,1
C1(C(C=CC=C2)=C2N3)=C3C(N4CCN(CCC5=CC=CC=C5)CC4)=NC=N1,1
N#CC1=CN(C)C2=C1N=CN=C2NC3=CC=CC=C3,0
COC1=C(OC)C=C(CN(CCC2=CC=C(NC(C3=C(NC(C4=CC(OC)=C(OC)C=C4)=O)C=CC=C3)=O)C=C2)CC5)C5=C1,1
O=C(C=C(N1CCN(CC2=CC=CC=C2[N+]([O-])=O)CC1)O3)C4=C3C=C(OC)C=C4OC,0
COc1cc(OC)c2c(c1)O[C@H](c1cc(OC)c(OC)c(OC)c1)[C@@H](OC(=O)c1ccc(F)c(NC(=O)c3cc(OC)c(OC)c(OC)c3)c1)C2,1
COC1=C(OC)C=C(CN(CC2=CC=C(C3=CC(F)=C(O)C=C3)C=C2)CC4)C4=C1,0
O=C(C1=CC=C(N=CC=C2)C2=C1)OC3CCCCC3,0
COc1ccc(-n2nnc(-c3ccccc3-n3nnc(-c4ccc(C(F)(F)F)cc4)n3)n2)cc1,0
O=C(/C=C/C1=CC=CC=C1)C(C=C2)=CC=C2NC3=NC(C4=CC=CC=C4)=NC5=CC=CC=C53,1
COC1=CC=CC(C2=NC3=CC=CC=C3C(NC4=CC(OC)=C(OC)C=C4)=N2)=C1,1
O=C(C1=CC=C([N+]([O-])=O)C=C1)NC2=CC=CC=C2C3=NN(C4=CC=CC(OC)=C4)N=N3,1
OC1=CC(O)=C2/C(C[C@@H](C3=CC=C(O)C=C3)OC2=C1)=N/N=C/C4=CNC5=C4C=CC=C5,0
COC1=CC(C2)=C(C=C1OC)CCN2CCCOC3=NC4=CC=CC=C4C=C3,0
COc1ccc2[nH]cc(CCN(C)Cc3cc(=O)c4c(OCc5ccc(Br)cc5)cccc4o3)c2c1,1
Fc1ccccc1N1CCN(Cc2csc(n2)-c2ccc3OCOc3c2)CC1,0
O=C(/C=C/C1=CC=C(OC)C=C1)C2=CC=CC(NC3=NC(C4=CC=CC=C4)=NC5=CC=CC=C53)=C2,1
N#CC1=CN(C2=CC=CC=C2)C3=C1N=CN=C3N4CCN(CC5=CC=CC=C5)CC4,0
N#CC1=CN(C2=CC=C(OCC)C=C2)C3=C1N=CN=C3N4CCN(CCC5=CC=CC=C5)CC4,0
OC(C=C1)=C([N+]([O-])=O)C=C1NC2=NC(C3=CC=CC=C3)=NC4=NC=CC=C42,1
O=C(/C=C/C1=CC=C(OC)C(OC)=C1)C2=C(NC(C3=CN=C(C=CC=C4)C4=C3)=O)C=CC=C2,1
COC1=C(OC)C=C(CN(CC2=CC=C(C3=C(N)C=C(O)C=C3)C=C2)CC4)C4=C1,0
COc1cccc(/C=C/C(=O)c2c(O)cc(OC)cc2OC)c1,1
O=C1OCC2=C1C=CC(NC(COC3=CC=C(C(/C=C/C4=CC=CC=C4Cl)=O)C=C3)=O)=C2,0
O=C(/C=C/C1=CC=C(OC)C(OC)=C1)C2=C(NC(C3=CC=CO3)=O)C=C(OC)C=C2,1
CC1=C(C(OCCCC2=CC=CC=N2)=O)C(C3=CC=C([N+]([O-])=O)C=C3)C4=C(CCCC4=O)N1,0
c1ccc(Sc2nc(-c3ccccc3)nc3ccccc23)cc1,0
CC[C@H](C)[C@H]1C(=O)O[C@@H]2N1C3=C(C4=C2C=C(C=C4O)C)C(=O)C5=C(C3=O)C(=CC=C5)O[C@H]6C[C@H]([C@H]([C@@H](O6)C)O)O,0
CC#CC(=O)Nc1ccc2ncnc(Nc3cccc(Br)c3)c2c1,1
O=C(c1ccccc1)N1CCc2c([nH]c3ccccc23)C1c1ccccc1Br,0
CC1CC(=O)c2c3c(n(CCc4ccccc4)c2C1)-c1cc(OCCCCCCOc2ccc4c(c2)-c2c(c5c(n2CCc2ccccc2)CC(C)CC5=O)C4=O)ccc1C3=O,0
O=[N+](C(C=C1)=CC=C1NC2=NC(C3=CC=CN=C3)=NC4=NC=CC=C42)[O-],0
O=[N+](C1=CC=C(N=C(C2=CC=CC=C2)N=C3NC4=CC(OC)=CC=C4)C3=C1)[O-],1
COc1ccc2ncc(C#N)c(N3CCC(Cc4nc(C(C)C)no4)CC3)c2c1,1
FC(F)(F)C1=C(OC)C=CC(NC2=NC(C3=CC=CC([N+]([O-])=O)=C3)=NC4=CC=CC=C42)=C1,0
Clc1ccc(C2c3[nH]c4ccccc4c3CCN2Cc2ccccc2)cc1Cl,0
N#CC1=C(CCCC2)N2C3=C1N=CN=C3N4CCN(CCC5=CC=NC=C5)CC4,0
c1ccc(Nc2ncnc3ccccc23)cc1,0
COC1=CC(CCN(CCC2=CC=C(OC(C#CC3=CC(OC)=C(OC)C(OC)=C3)=O)C=C2)C4)=C4C=C1OC,0
CCCc1ccc(C(=O)Nc2ccccc2-c2nnn(-c3ccc(OC(=O)c4ccc(CCC)cc4)cc3)n2)cc1,0
CC(C1=CC=C(C2=CN(C3=CC=C(CCN4CC(C=C(OC)C(OC)=C5)=C5CC4)C=C3)N=N2)C=C1NC(C6=NC(C=CC=C7)=C7C=C6)=O)=O,1
COC1=CC(C2=NC3=CC=CC=C3C(NC4=CC=CC(C(F)(F)F)=C4)=N2)=CC=C1OC,1
OCC1=CC=CC(NC2=NC(C3=CC=CN=C3)=NC4=CC=CC=C42)=C1,1
S=C(N(C)C1CCCCC1)NC(SC(C)=C2C)=C2C(O)=O,0
C1(N=CN2)=C2C(N3CCN(CCC4=CC=CC=C4)CC3)=NC=N1,0
COC1=C(OC)C2=C(C=C1)C[C@@H]3C4=CC(OC)=C(OC)C=C4CCN3C2,0
COC1=C(C=C(C=C1)C2=C(C(=O)C3=C(C=C(C=C3O2)OC)O)OC)O,1
O=[N+](C1=CC=C(N=C(C2=CC=CC(C(F)(F)F)=C2)N=C3NC4=CC(OC)=C(OC)C=C4)C3=C1)[O-],1
N#CC1=CN(CCCC2=CC=CC=C2)C3=C1N=CN=C3N4CCN(CCC5=CC=CC=C5)CC4,0
CC1CC(=O)c2c3c(n(CCc4ccccc4)c2C1)-c1cc(OCCCCCCCCOc2ccc4c(c2)-c2c(c5c(n2CCc2ccccc2)CC(C)CC5=O)C4=O)ccc1C3=O,0
O=C1C=C(OC2=C1C(OC)=CC(OC)=C2)NCCC3=CC(OC)=C(C=C3)OC,0
CC1=NC2=C(C(C3=CC=C(OCCCC)C=C3)=C1C(OCC)=O)C(N)=C(S2)C(C4=CC=C(C=C4)OC)=O,0
O=C(NC1=CC=C(CCN2CC3=CC=CC=C3CC2)C=C1)C4=C(N)C=CC=C4,0
Cc1ccc(-c2cn(CCO)nn2)c(NC(=O)c2cc(=O)c3ccccc3o2)c1,1
OC(C=C1)=C([N+]([O-])=O)C=C1NC2=NC(C3=CC=CC=C3)=NC4=CC=C([N+]([O-])=O)C=C42,1
S=C(N(CC)CC)NC(SC=C1)=C1C(O)=O,0
CCn1c2c(c3ccccc31)CCN(C(=O)c1cccc(OC)c1)C2c1ccc(Cl)c(Cl)c1,0
O=C(OC1)C2=C1C=C(NC(COC3=CC=C(C(/C=C/C4=CC=C(OCCCC)C=C4)=O)C=C3)=O)C=C2,0
CC1=NC2=C(C(C3=CC(OC)=C(C(OC)=C3)OC)=C1C(OCCOC)=O)C(N)=C(S2)C(C4=CC(OC)=C(C(OC)=C4)OC)=O,0
ClC1=CC=CC(NC2=NC(C3=CC=CC(OC)=C3)=NC4=NC=CC=C42)=C1,1
O=C(/C1=C/C2=CN=CN2C)/C(CCC1)=C/C3=CN=CN3C,0
COc1ccc(-n2nnc(-c3ccccc3NC(=O)c3cccc([N+](=O)[O-])c3)n2)cc1,1
N#CC1=CC=CC(NC2=NC(C3=CC=CC(OC)=C3)=NC4=NC=CC=C42)=C1,1
COC(=O)c1cccc(COc2c(-c3ccc(OCCOCCn4cc(-c5cccc(-c6cn(CCOCCOc7ccc(-c8oc9ccccc9c(=O)c8OCc8cccc(C(=O)OC)c8)cc7)nn6)c5)nn4)cc3)oc3ccccc3c2=O)c1,1
CCC1=CC2=C(C=C1N3CCC(CC3)N4CCOCC4)C(C5=C(C2=O)C6=C(N5)C=C(C=C6)C#N)(C)C,1
O=C(/C=C/C1=CC=C(Cl)C=C1)C2=C(C=CC=C3)C3=CC=C2O,0
O=C(Nc1ccccc1-c1nnn(-c2ccccc2)n1)c1ccc2c(c1)OCCO2,1
N#CC1=CN(C2=C(OC)C=CC=C2)C3=C1N=CN=C3N4CCN(CCC5=CC=CC=C5)CC4,0
O=C(OC)C(C=C1)=CC=C1NC2=NC(C3=CC=CC=C3)=NC4=CC=CC=C42,1
O=C(C1=CC=C(C)C(NC(C2=CC=C3C=CC=CC3=N2)=O)=C1)/C=C/C4=CC=C(C=C4)OCCN5CC6=C(CC5)C=C(OC)C(OC)=C6,1
CC1CC(=O)c2c3c(n(CCc4ccccc4)c2C1)-c1ccccc1C3=O,1
OC(C=C(C=C1O[C@@H](C/2)C3=CC=C(C=C3)O)O)=C1C2=N\NC(C4=CC=CO4)=O,0
O=C(C1=CC=C([N+]([O-])=O)C=C1)NC2=CC=CC=C2C3=NN(C4=CC=C(C(F)(F)F)C=C4)N=N3,0
O=C(NC1=C([N+]([O-])=O)C=CC=C1)NC(C=C2)=CC=C2CCN3CC4=CC(OC)=C(OC)C=C4CC3,0
CN(CCc1cn(C)c2ccccc12)C(=O)c1cc(=O)c2c(OCc3ccc(Br)cc3)cccc2o1,0
COC1=C(C(=C(C=C1)F)F)C(=O)C2=CN=C(N=C2N)NC3CCN(CC3)S(=O)(=O)C,0
O=C(/C=C/C1=CC=CC=C1Cl)C2=CC=CC=C2,0
C[C@@H]1C[C@H]2[C@@H]3CCC4=CC(=O)C=C[C@@]4([C@]3([C@H](C[C@@]2([C@]1(C(=O)CCl)O)C)O)Cl)C,0
COC1=C(OC)C=C(CN(CC2=CC(F)=C(C3=CC=C(O)C=C3)C=C2)CC4)C4=C1,0
O=C(/C=C/C1=CC=C(OC)C(OC)=C1)C2=CC=CC=C2,0
O=C(C1=CC=C(C(F)(F)F)C=C1)NC2=CC=CC=C2C3=NN(C4=CC=CC=C4OC)N=N3,1
COC1=CC(CC2)=C(C=C1OC)CN2CC3=COC(C4=CC=C(OC)C=C4)=N3,0
COC(=O)c1ccc(C(=O)Nc2ccc(CCN3CCc4cc(OC)c(OC)cc4C3)cc2)cc1NC(=O)c1ccc2ncccc2c1,1
CCCc1ccc(C(=O)Nc2ccccc2-c2nnn(-c3ccc(SC)cc3)n2)cc1,1
COC1=C(C=C(C2=C1)N=C(NC3=CC(C(F)(F)F)=CC=C3)N=C2NC4=CC(C(F)(F)F)=CC=C4)OC,1
O=C1C2=C(O)C=C(OC)C=C2OC(C3=CC=C(OC)C(OC)=C3)=C1OC,1
COc1cccc(CCn2c3c(c4c(OCCCCCCCCCCCCOc5cccc6c5c5c(n6CCc6cccc(OC)c6)-c6ccccc6C5=O)cccc42)C(=O)c2ccccc2-3)c1,0
COC1=CC=CC(C2=NC3=CC=CC=C3C(NC4=CC([N+]([O-])=O)=CC([N+]([O-])=O)=C4)=N2)=C1,1
O=C(/C=C/C1=CC(OC)=C(OC)C=C1)C2=CC=CC(NC3=NC(C4=CC=CC=C4)=NC5=CC=CC=C53)=C2,1
OC1=CC(O)=C2/C(C[C@H](OC2=C1)C3=CC=C(O)C=C3)=N/N=C/C4=CC=CC=C4[N+]([O-])=O,0
Cc1ccc(-c2cn(CCN3CCCC3)nn2)c(NC(=O)c2cc(=O)c3ccccc3o2)c1,1
COC1=CC(C2=NC3=CC=CC=C3C(NC4=CC=CC(O)=C4)=N2)=CC=C1OC,1
COC1=C(C=C(C2=C1)N=C(NC3=CC(C#N)=CC=C3)N=C2NC4=CC(C#N)=CC=C4)OC,1
N#CC(C=C1)=CC=C1NC2=NC(C3=CC=CC=C3)=NC(NCCCC4=CC=CC=C4)=C2,1
COC1=C(OC)C=C(CN(CC2=CC=C(C3=C(OC)C=C(O)C=C3)C=C2)CC4)C4=C1,0
N#CC1=CN(C2=CC=CC=C2)C3=C1N=CN=C3N4CCN(CCC5=CNC6=C5C=CC=C6)CC4,0
O=C(N(C)C1CCCCC1)NC2=CC=CC=C2C(O)=O,0
COC(C(OC)=C1)=CC=C1C2=NC3=CC=CC=C3C(NC4=CC([N+]([O-])=O)=CC([N+]([O-])=O)=C4)=N2,1
ClC(C=C1)=CC=C1NC2=NC(C3=CC=CC=C3)=NC4=C2C=CC=C4,1
OCCC1=CC=C(NC(C2=C(NC(C3=CC=CC=C3[N+]([O-])=O)=O)C=CC=C2)=O)C=C1,0
COc1ccc(-n2nnc(-c3ccccc3NC(=O)c3ccccc3)n2)cn1,1
COc1cc2c(cc1OC)CN(CCc1ccc(NC(=O)c3cccc4ccccc34)cc1)CC2,0
COc1ccc(C(=O)Nc2ccccc2-c2nnn(-c3ccc(Oc4ccccc4)cc3)n2)cc1,0
CC1=CC(NC2=CC(C#N)=CC=C2)=NC(C3=CC=NC=C3)=N1,1
COc1cccc(CCn2c3c(c4c(OCCCCOc5cccc6c5c5c(n6CCc6cccc(OC)c6)-c6ccccc6C5=O)cccc42)C(=O)c2ccccc2-3)c1,1
